-- NOTA -> Script baseada nas geradas automaticamente pelo MSManagementStudio

USE p2g7;

---------------------------------------------------------------------------------------
-- ARMAZEM
SET IDENTITY_INSERT [SuperMercado].[Armazem] ON 
INSERT [SuperMercado].[Armazem] ([ID], [Endereco]) VALUES (1, N'277-8145 Dui Rd.')
INSERT [SuperMercado].[Armazem] ([ID], [Endereco]) VALUES (2, N'874-1497 Donec Rd.')
INSERT [SuperMercado].[Armazem] ([ID], [Endereco]) VALUES (3, N'P.O. Box 311, 1391 Mauris Street')
INSERT [SuperMercado].[Armazem] ([ID], [Endereco]) VALUES (4, N'P.O. Box 771, 2532 Congue Road')
INSERT [SuperMercado].[Armazem] ([ID], [Endereco]) VALUES (5, N'9845 Risus. St.')
INSERT [SuperMercado].[Armazem] ([ID], [Endereco]) VALUES (6, N'3045 Nonummy St.')
INSERT [SuperMercado].[Armazem] ([ID], [Endereco]) VALUES (7, N'6273 Curabitur Road')
INSERT [SuperMercado].[Armazem] ([ID], [Endereco]) VALUES (8, N'Ap #260-6838 Netus Road')
INSERT [SuperMercado].[Armazem] ([ID], [Endereco]) VALUES (9, N'P.O. Box 189, 7727 Ante St.')
INSERT [SuperMercado].[Armazem] ([ID], [Endereco]) VALUES (10, N'Ap #691-5341 Turpis Rd.')
INSERT [SuperMercado].[Armazem] ([ID], [Endereco]) VALUES (11, N'236-2857 Dictum Road')
INSERT [SuperMercado].[Armazem] ([ID], [Endereco]) VALUES (12, N'Ap #397-1138 Curabitur Ave')
INSERT [SuperMercado].[Armazem] ([ID], [Endereco]) VALUES (13, N'663-7573 At, Rd.')
INSERT [SuperMercado].[Armazem] ([ID], [Endereco]) VALUES (14, N'686-9717 Vel St.')
INSERT [SuperMercado].[Armazem] ([ID], [Endereco]) VALUES (15, N'7573 Nibh. Rd.')
INSERT [SuperMercado].[Armazem] ([ID], [Endereco]) VALUES (16, N'P.O. Box 976, 2212 Malesuada St.')
INSERT [SuperMercado].[Armazem] ([ID], [Endereco]) VALUES (17, N'Ap #296-991 Facilisis. Rd.')
INSERT [SuperMercado].[Armazem] ([ID], [Endereco]) VALUES (18, N'P.O. Box 495, 2002 Interdum Rd.')
INSERT [SuperMercado].[Armazem] ([ID], [Endereco]) VALUES (19, N'P.O. Box 661, 9614 Sed, Avenue')
INSERT [SuperMercado].[Armazem] ([ID], [Endereco]) VALUES (20, N'512-3941 Velit Rd.')
INSERT [SuperMercado].[Armazem] ([ID], [Endereco]) VALUES (21, N'P.O. Box 269, 9709 Tempor Avenue')
INSERT [SuperMercado].[Armazem] ([ID], [Endereco]) VALUES (22, N'Ap #921-2005 Lectus Ave')
INSERT [SuperMercado].[Armazem] ([ID], [Endereco]) VALUES (23, N'Ap #335-9174 Vitae Ave')
INSERT [SuperMercado].[Armazem] ([ID], [Endereco]) VALUES (24, N'P.O. Box 477, 5312 Accumsan Rd.')
INSERT [SuperMercado].[Armazem] ([ID], [Endereco]) VALUES (25, N'P.O. Box 751, 5777 Rutrum Road')
INSERT [SuperMercado].[Armazem] ([ID], [Endereco]) VALUES (26, N'Ap #701-149 Elit. Ave')
INSERT [SuperMercado].[Armazem] ([ID], [Endereco]) VALUES (27, N'P.O. Box 578, 4340 Nec Street')
INSERT [SuperMercado].[Armazem] ([ID], [Endereco]) VALUES (28, N'895-6096 Nec Av.')
INSERT [SuperMercado].[Armazem] ([ID], [Endereco]) VALUES (29, N'5066 Libero Av.')
INSERT [SuperMercado].[Armazem] ([ID], [Endereco]) VALUES (30, N'P.O. Box 663, 4163 A Avenue')
INSERT [SuperMercado].[Armazem] ([ID], [Endereco]) VALUES (31, N'101-3682 Elit St.')
INSERT [SuperMercado].[Armazem] ([ID], [Endereco]) VALUES (32, N'439-5329 Nec Road')
INSERT [SuperMercado].[Armazem] ([ID], [Endereco]) VALUES (33, N'928-850 Lectus Ave')
INSERT [SuperMercado].[Armazem] ([ID], [Endereco]) VALUES (34, N'Ap #543-1087 Mus. Rd.')
INSERT [SuperMercado].[Armazem] ([ID], [Endereco]) VALUES (35, N'Ap #311-3562 Enim Road')
INSERT [SuperMercado].[Armazem] ([ID], [Endereco]) VALUES (36, N'P.O. Box 116, 8205 A, St.')
INSERT [SuperMercado].[Armazem] ([ID], [Endereco]) VALUES (37, N'8818 Metus St.')
INSERT [SuperMercado].[Armazem] ([ID], [Endereco]) VALUES (38, N'8032 Dolor Road')
INSERT [SuperMercado].[Armazem] ([ID], [Endereco]) VALUES (39, N'Ap #909-6763 Semper, Rd.')
INSERT [SuperMercado].[Armazem] ([ID], [Endereco]) VALUES (40, N'3454 Metus Rd.')
INSERT [SuperMercado].[Armazem] ([ID], [Endereco]) VALUES (41, N'Ap #580-1839 Orci. Rd.')
INSERT [SuperMercado].[Armazem] ([ID], [Endereco]) VALUES (42, N'P.O. Box 713, 2229 Nunc Avenue')
INSERT [SuperMercado].[Armazem] ([ID], [Endereco]) VALUES (43, N'6470 Enim, Street')
INSERT [SuperMercado].[Armazem] ([ID], [Endereco]) VALUES (44, N'P.O. Box 791, 1314 Eleifend St.')
INSERT [SuperMercado].[Armazem] ([ID], [Endereco]) VALUES (45, N'P.O. Box 403, 4720 Pede. Rd.')
INSERT [SuperMercado].[Armazem] ([ID], [Endereco]) VALUES (46, N'P.O. Box 923, 3248 Orci. Av.')
INSERT [SuperMercado].[Armazem] ([ID], [Endereco]) VALUES (47, N'Ap #821-9499 Ac St.')
INSERT [SuperMercado].[Armazem] ([ID], [Endereco]) VALUES (48, N'3062 Aenean Street')
INSERT [SuperMercado].[Armazem] ([ID], [Endereco]) VALUES (49, N'Ap #659-2713 Quisque St.')
INSERT [SuperMercado].[Armazem] ([ID], [Endereco]) VALUES (50, N'P.O. Box 187, 1780 Cras Av.')
INSERT [SuperMercado].[Armazem] ([ID], [Endereco]) VALUES (51, N'946-9575 Facilisis. Road')
INSERT [SuperMercado].[Armazem] ([ID], [Endereco]) VALUES (52, N'6438 Vehicula St.')
INSERT [SuperMercado].[Armazem] ([ID], [Endereco]) VALUES (53, N'Ap #718-7041 Semper Road')
INSERT [SuperMercado].[Armazem] ([ID], [Endereco]) VALUES (54, N'8508 Amet St.')
INSERT [SuperMercado].[Armazem] ([ID], [Endereco]) VALUES (55, N'3638 Massa. Rd.')
INSERT [SuperMercado].[Armazem] ([ID], [Endereco]) VALUES (56, N'Ap #248-6211 Tellus Ave')
INSERT [SuperMercado].[Armazem] ([ID], [Endereco]) VALUES (57, N'197-3218 Turpis St.')
INSERT [SuperMercado].[Armazem] ([ID], [Endereco]) VALUES (58, N'P.O. Box 122, 8579 Metus Street')
INSERT [SuperMercado].[Armazem] ([ID], [Endereco]) VALUES (59, N'P.O. Box 777, 7420 Placerat. Road')
INSERT [SuperMercado].[Armazem] ([ID], [Endereco]) VALUES (60, N'Ap #537-9019 Consectetuer Road')
INSERT [SuperMercado].[Armazem] ([ID], [Endereco]) VALUES (61, N'P.O. Box 937, 1613 Neque Road')
INSERT [SuperMercado].[Armazem] ([ID], [Endereco]) VALUES (62, N'9213 Libero Rd.')
INSERT [SuperMercado].[Armazem] ([ID], [Endereco]) VALUES (63, N'1566 Sed St.')
INSERT [SuperMercado].[Armazem] ([ID], [Endereco]) VALUES (64, N'Ap #178-5809 Nisi. Ave')
INSERT [SuperMercado].[Armazem] ([ID], [Endereco]) VALUES (65, N'P.O. Box 410, 8671 Duis Av.')
INSERT [SuperMercado].[Armazem] ([ID], [Endereco]) VALUES (66, N'P.O. Box 521, 5383 Sem. Avenue')
INSERT [SuperMercado].[Armazem] ([ID], [Endereco]) VALUES (67, N'Ap #482-7503 Sed Avenue')
INSERT [SuperMercado].[Armazem] ([ID], [Endereco]) VALUES (68, N'576 Luctus St.')
INSERT [SuperMercado].[Armazem] ([ID], [Endereco]) VALUES (69, N'9971 Nec St.')
INSERT [SuperMercado].[Armazem] ([ID], [Endereco]) VALUES (70, N'4060 Ante Rd.')
INSERT [SuperMercado].[Armazem] ([ID], [Endereco]) VALUES (71, N'Ap #947-313 Augue. Rd.')
INSERT [SuperMercado].[Armazem] ([ID], [Endereco]) VALUES (72, N'4089 Est Rd.')
INSERT [SuperMercado].[Armazem] ([ID], [Endereco]) VALUES (73, N'331-4172 Ligula Av.')
INSERT [SuperMercado].[Armazem] ([ID], [Endereco]) VALUES (74, N'P.O. Box 394, 5361 Odio Ave')
INSERT [SuperMercado].[Armazem] ([ID], [Endereco]) VALUES (75, N'8418 Donec St.')
INSERT [SuperMercado].[Armazem] ([ID], [Endereco]) VALUES (76, N'Ap #633-8151 Lorem St.')
INSERT [SuperMercado].[Armazem] ([ID], [Endereco]) VALUES (77, N'Ap #524-5762 Enim. Rd.')
INSERT [SuperMercado].[Armazem] ([ID], [Endereco]) VALUES (78, N'2761 At Ave')
INSERT [SuperMercado].[Armazem] ([ID], [Endereco]) VALUES (79, N'Ap #602-9268 Per St.')
INSERT [SuperMercado].[Armazem] ([ID], [Endereco]) VALUES (80, N'636-2716 Dis Avenue')
INSERT [SuperMercado].[Armazem] ([ID], [Endereco]) VALUES (81, N'P.O. Box 833, 7610 Lorem, Ave')
INSERT [SuperMercado].[Armazem] ([ID], [Endereco]) VALUES (82, N'Ap #282-7511 Nibh. Rd.')
INSERT [SuperMercado].[Armazem] ([ID], [Endereco]) VALUES (83, N'P.O. Box 905, 6537 Nec Avenue')
INSERT [SuperMercado].[Armazem] ([ID], [Endereco]) VALUES (84, N'677-9281 In Ave')
INSERT [SuperMercado].[Armazem] ([ID], [Endereco]) VALUES (85, N'5070 Tempor Ave')
INSERT [SuperMercado].[Armazem] ([ID], [Endereco]) VALUES (86, N'1518 Consectetuer Avenue')
INSERT [SuperMercado].[Armazem] ([ID], [Endereco]) VALUES (87, N'7736 Semper Street')
INSERT [SuperMercado].[Armazem] ([ID], [Endereco]) VALUES (88, N'8510 At, Rd.')
INSERT [SuperMercado].[Armazem] ([ID], [Endereco]) VALUES (89, N'Ap #464-3465 A Road')
INSERT [SuperMercado].[Armazem] ([ID], [Endereco]) VALUES (90, N'884-9448 Semper St.')
INSERT [SuperMercado].[Armazem] ([ID], [Endereco]) VALUES (91, N'266-573 Ac, Ave')
INSERT [SuperMercado].[Armazem] ([ID], [Endereco]) VALUES (92, N'Ap #469-2440 Sem Rd.')
INSERT [SuperMercado].[Armazem] ([ID], [Endereco]) VALUES (93, N'Ap #448-8744 Blandit. Ave')
INSERT [SuperMercado].[Armazem] ([ID], [Endereco]) VALUES (94, N'3453 Est St.')
INSERT [SuperMercado].[Armazem] ([ID], [Endereco]) VALUES (95, N'Ap #775-7036 Pede St.')
INSERT [SuperMercado].[Armazem] ([ID], [Endereco]) VALUES (96, N'928-6806 Tellus. Ave')
INSERT [SuperMercado].[Armazem] ([ID], [Endereco]) VALUES (97, N'968-5962 A, Rd.')
INSERT [SuperMercado].[Armazem] ([ID], [Endereco]) VALUES (98, N'2285 Ligula Av.')
INSERT [SuperMercado].[Armazem] ([ID], [Endereco]) VALUES (99, N'P.O. Box 577, 6878 Egestas Road')
GO
INSERT [SuperMercado].[Armazem] ([ID], [Endereco]) VALUES (100, N'466-8142 Leo. St.')
SET IDENTITY_INSERT [SuperMercado].[Armazem] OFF

--------------
-- ARMAZENA
INSERT [SuperMercado].[Armazena] ([Armazem], [Produto], [Quantidade]) VALUES (1, 101, 105)
INSERT [SuperMercado].[Armazena] ([Armazem], [Produto], [Quantidade]) VALUES (2, 102, 70)
INSERT [SuperMercado].[Armazena] ([Armazem], [Produto], [Quantidade]) VALUES (3, 103, 113)
INSERT [SuperMercado].[Armazena] ([Armazem], [Produto], [Quantidade]) VALUES (4, 104, 110)
INSERT [SuperMercado].[Armazena] ([Armazem], [Produto], [Quantidade]) VALUES (5, 105, 123)
INSERT [SuperMercado].[Armazena] ([Armazem], [Produto], [Quantidade]) VALUES (6, 106, 21)
INSERT [SuperMercado].[Armazena] ([Armazem], [Produto], [Quantidade]) VALUES (7, 107, 13)
INSERT [SuperMercado].[Armazena] ([Armazem], [Produto], [Quantidade]) VALUES (8, 108, 96)
INSERT [SuperMercado].[Armazena] ([Armazem], [Produto], [Quantidade]) VALUES (9, 109, 195)
INSERT [SuperMercado].[Armazena] ([Armazem], [Produto], [Quantidade]) VALUES (10, 110, 195)
INSERT [SuperMercado].[Armazena] ([Armazem], [Produto], [Quantidade]) VALUES (11, 111, 203)
INSERT [SuperMercado].[Armazena] ([Armazem], [Produto], [Quantidade]) VALUES (12, 112, 92)
INSERT [SuperMercado].[Armazena] ([Armazem], [Produto], [Quantidade]) VALUES (13, 113, 207)
INSERT [SuperMercado].[Armazena] ([Armazem], [Produto], [Quantidade]) VALUES (14, 114, 206)
INSERT [SuperMercado].[Armazena] ([Armazem], [Produto], [Quantidade]) VALUES (15, 115, 72)
INSERT [SuperMercado].[Armazena] ([Armazem], [Produto], [Quantidade]) VALUES (16, 116, 140)
INSERT [SuperMercado].[Armazena] ([Armazem], [Produto], [Quantidade]) VALUES (17, 117, 60)
INSERT [SuperMercado].[Armazena] ([Armazem], [Produto], [Quantidade]) VALUES (18, 118, 159)
INSERT [SuperMercado].[Armazena] ([Armazem], [Produto], [Quantidade]) VALUES (19, 119, 150)
INSERT [SuperMercado].[Armazena] ([Armazem], [Produto], [Quantidade]) VALUES (20, 120, 53)
INSERT [SuperMercado].[Armazena] ([Armazem], [Produto], [Quantidade]) VALUES (21, 121, 64)
INSERT [SuperMercado].[Armazena] ([Armazem], [Produto], [Quantidade]) VALUES (22, 122, 15)
INSERT [SuperMercado].[Armazena] ([Armazem], [Produto], [Quantidade]) VALUES (23, 123, 71)
INSERT [SuperMercado].[Armazena] ([Armazem], [Produto], [Quantidade]) VALUES (24, 124, 163)
INSERT [SuperMercado].[Armazena] ([Armazem], [Produto], [Quantidade]) VALUES (25, 125, 166)
INSERT [SuperMercado].[Armazena] ([Armazem], [Produto], [Quantidade]) VALUES (26, 126, 189)
INSERT [SuperMercado].[Armazena] ([Armazem], [Produto], [Quantidade]) VALUES (27, 127, 9)
INSERT [SuperMercado].[Armazena] ([Armazem], [Produto], [Quantidade]) VALUES (28, 128, 111)
INSERT [SuperMercado].[Armazena] ([Armazem], [Produto], [Quantidade]) VALUES (29, 129, 111)
INSERT [SuperMercado].[Armazena] ([Armazem], [Produto], [Quantidade]) VALUES (30, 130, 134)
INSERT [SuperMercado].[Armazena] ([Armazem], [Produto], [Quantidade]) VALUES (31, 131, 202)
INSERT [SuperMercado].[Armazena] ([Armazem], [Produto], [Quantidade]) VALUES (32, 132, 38)
INSERT [SuperMercado].[Armazena] ([Armazem], [Produto], [Quantidade]) VALUES (33, 133, 71)
INSERT [SuperMercado].[Armazena] ([Armazem], [Produto], [Quantidade]) VALUES (34, 134, 108)
INSERT [SuperMercado].[Armazena] ([Armazem], [Produto], [Quantidade]) VALUES (35, 135, 168)
INSERT [SuperMercado].[Armazena] ([Armazem], [Produto], [Quantidade]) VALUES (36, 136, 107)
INSERT [SuperMercado].[Armazena] ([Armazem], [Produto], [Quantidade]) VALUES (37, 137, 110)
INSERT [SuperMercado].[Armazena] ([Armazem], [Produto], [Quantidade]) VALUES (38, 138, 104)
INSERT [SuperMercado].[Armazena] ([Armazem], [Produto], [Quantidade]) VALUES (39, 139, 145)
INSERT [SuperMercado].[Armazena] ([Armazem], [Produto], [Quantidade]) VALUES (40, 140, 179)
INSERT [SuperMercado].[Armazena] ([Armazem], [Produto], [Quantidade]) VALUES (41, 141, 192)
INSERT [SuperMercado].[Armazena] ([Armazem], [Produto], [Quantidade]) VALUES (42, 142, 45)
INSERT [SuperMercado].[Armazena] ([Armazem], [Produto], [Quantidade]) VALUES (43, 143, 212)
INSERT [SuperMercado].[Armazena] ([Armazem], [Produto], [Quantidade]) VALUES (44, 144, 97)
INSERT [SuperMercado].[Armazena] ([Armazem], [Produto], [Quantidade]) VALUES (45, 145, 174)
INSERT [SuperMercado].[Armazena] ([Armazem], [Produto], [Quantidade]) VALUES (46, 146, 196)
INSERT [SuperMercado].[Armazena] ([Armazem], [Produto], [Quantidade]) VALUES (47, 147, 223)
INSERT [SuperMercado].[Armazena] ([Armazem], [Produto], [Quantidade]) VALUES (48, 148, 91)
INSERT [SuperMercado].[Armazena] ([Armazem], [Produto], [Quantidade]) VALUES (49, 149, 217)
INSERT [SuperMercado].[Armazena] ([Armazem], [Produto], [Quantidade]) VALUES (50, 150, 228)
INSERT [SuperMercado].[Armazena] ([Armazem], [Produto], [Quantidade]) VALUES (51, 151, 39)
INSERT [SuperMercado].[Armazena] ([Armazem], [Produto], [Quantidade]) VALUES (52, 152, 195)
INSERT [SuperMercado].[Armazena] ([Armazem], [Produto], [Quantidade]) VALUES (53, 153, 106)
INSERT [SuperMercado].[Armazena] ([Armazem], [Produto], [Quantidade]) VALUES (54, 154, 223)
INSERT [SuperMercado].[Armazena] ([Armazem], [Produto], [Quantidade]) VALUES (55, 155, 36)
INSERT [SuperMercado].[Armazena] ([Armazem], [Produto], [Quantidade]) VALUES (56, 156, 8)
INSERT [SuperMercado].[Armazena] ([Armazem], [Produto], [Quantidade]) VALUES (57, 157, 230)
INSERT [SuperMercado].[Armazena] ([Armazem], [Produto], [Quantidade]) VALUES (58, 158, 52)
INSERT [SuperMercado].[Armazena] ([Armazem], [Produto], [Quantidade]) VALUES (59, 159, 110)
INSERT [SuperMercado].[Armazena] ([Armazem], [Produto], [Quantidade]) VALUES (60, 160, 53)
INSERT [SuperMercado].[Armazena] ([Armazem], [Produto], [Quantidade]) VALUES (61, 161, 138)
INSERT [SuperMercado].[Armazena] ([Armazem], [Produto], [Quantidade]) VALUES (62, 162, 163)
INSERT [SuperMercado].[Armazena] ([Armazem], [Produto], [Quantidade]) VALUES (63, 163, 166)
INSERT [SuperMercado].[Armazena] ([Armazem], [Produto], [Quantidade]) VALUES (64, 164, 114)
INSERT [SuperMercado].[Armazena] ([Armazem], [Produto], [Quantidade]) VALUES (65, 165, 3)
INSERT [SuperMercado].[Armazena] ([Armazem], [Produto], [Quantidade]) VALUES (66, 166, 227)
INSERT [SuperMercado].[Armazena] ([Armazem], [Produto], [Quantidade]) VALUES (67, 167, 68)
INSERT [SuperMercado].[Armazena] ([Armazem], [Produto], [Quantidade]) VALUES (68, 168, 90)
INSERT [SuperMercado].[Armazena] ([Armazem], [Produto], [Quantidade]) VALUES (69, 169, 101)
INSERT [SuperMercado].[Armazena] ([Armazem], [Produto], [Quantidade]) VALUES (70, 170, 25)
INSERT [SuperMercado].[Armazena] ([Armazem], [Produto], [Quantidade]) VALUES (71, 171, 41)
INSERT [SuperMercado].[Armazena] ([Armazem], [Produto], [Quantidade]) VALUES (72, 172, 85)
INSERT [SuperMercado].[Armazena] ([Armazem], [Produto], [Quantidade]) VALUES (73, 173, 148)
INSERT [SuperMercado].[Armazena] ([Armazem], [Produto], [Quantidade]) VALUES (74, 174, 181)
INSERT [SuperMercado].[Armazena] ([Armazem], [Produto], [Quantidade]) VALUES (75, 175, 104)
INSERT [SuperMercado].[Armazena] ([Armazem], [Produto], [Quantidade]) VALUES (76, 176, 47)
INSERT [SuperMercado].[Armazena] ([Armazem], [Produto], [Quantidade]) VALUES (77, 177, 69)
INSERT [SuperMercado].[Armazena] ([Armazem], [Produto], [Quantidade]) VALUES (78, 178, 44)
INSERT [SuperMercado].[Armazena] ([Armazem], [Produto], [Quantidade]) VALUES (79, 179, 14)
INSERT [SuperMercado].[Armazena] ([Armazem], [Produto], [Quantidade]) VALUES (80, 180, 163)
INSERT [SuperMercado].[Armazena] ([Armazem], [Produto], [Quantidade]) VALUES (81, 181, 9)
INSERT [SuperMercado].[Armazena] ([Armazem], [Produto], [Quantidade]) VALUES (82, 182, 199)
INSERT [SuperMercado].[Armazena] ([Armazem], [Produto], [Quantidade]) VALUES (83, 183, 182)
INSERT [SuperMercado].[Armazena] ([Armazem], [Produto], [Quantidade]) VALUES (84, 184, 55)
INSERT [SuperMercado].[Armazena] ([Armazem], [Produto], [Quantidade]) VALUES (85, 185, 154)
INSERT [SuperMercado].[Armazena] ([Armazem], [Produto], [Quantidade]) VALUES (86, 186, 108)
INSERT [SuperMercado].[Armazena] ([Armazem], [Produto], [Quantidade]) VALUES (87, 187, 149)
INSERT [SuperMercado].[Armazena] ([Armazem], [Produto], [Quantidade]) VALUES (88, 188, 190)
INSERT [SuperMercado].[Armazena] ([Armazem], [Produto], [Quantidade]) VALUES (89, 189, 22)
INSERT [SuperMercado].[Armazena] ([Armazem], [Produto], [Quantidade]) VALUES (90, 190, 220)
INSERT [SuperMercado].[Armazena] ([Armazem], [Produto], [Quantidade]) VALUES (91, 191, 64)
INSERT [SuperMercado].[Armazena] ([Armazem], [Produto], [Quantidade]) VALUES (92, 192, 86)
INSERT [SuperMercado].[Armazena] ([Armazem], [Produto], [Quantidade]) VALUES (93, 193, 156)
INSERT [SuperMercado].[Armazena] ([Armazem], [Produto], [Quantidade]) VALUES (94, 194, 185)
INSERT [SuperMercado].[Armazena] ([Armazem], [Produto], [Quantidade]) VALUES (95, 195, 204)
INSERT [SuperMercado].[Armazena] ([Armazem], [Produto], [Quantidade]) VALUES (96, 196, 225)
INSERT [SuperMercado].[Armazena] ([Armazem], [Produto], [Quantidade]) VALUES (97, 197, 21)
INSERT [SuperMercado].[Armazena] ([Armazem], [Produto], [Quantidade]) VALUES (98, 198, 105)
INSERT [SuperMercado].[Armazena] ([Armazem], [Produto], [Quantidade]) VALUES (99, 199, 126)
INSERT [SuperMercado].[Armazena] ([Armazem], [Produto], [Quantidade]) VALUES (100, 200, 159)
GO


------------
-- CLIENTE
INSERT [SuperMercado].[Cliente] ([ID], [NIF], [Endereco]) VALUES (43, N'121892961', N'7 Spenser Crossing')
INSERT [SuperMercado].[Cliente] ([ID], [NIF], [Endereco]) VALUES (44, N'360252145', N'22 Milwaukee Avenue')
INSERT [SuperMercado].[Cliente] ([ID], [NIF], [Endereco]) VALUES (45, N'209531703', N'652 Hansons Alley')
INSERT [SuperMercado].[Cliente] ([ID], [NIF], [Endereco]) VALUES (46, N'236790057', N'8467 Nevada Place')
INSERT [SuperMercado].[Cliente] ([ID], [NIF], [Endereco]) VALUES (47, N'878894221', N'12 Straubel Avenue')
INSERT [SuperMercado].[Cliente] ([ID], [NIF], [Endereco]) VALUES (48, N'645482712', N'76 Pleasure Street')
INSERT [SuperMercado].[Cliente] ([ID], [NIF], [Endereco]) VALUES (49, N'347208150', N'375 Meadow Vale Plaza')
INSERT [SuperMercado].[Cliente] ([ID], [NIF], [Endereco]) VALUES (50, N'235349972', N'4723 Longview Trail')
INSERT [SuperMercado].[Cliente] ([ID], [NIF], [Endereco]) VALUES (51, N'642835154', N'98 Toban Circle')
INSERT [SuperMercado].[Cliente] ([ID], [NIF], [Endereco]) VALUES (52, N'533035537', N'3 Brentwood Place')
INSERT [SuperMercado].[Cliente] ([ID], [NIF], [Endereco]) VALUES (53, N'654537262', N'50 Meadow Ridge Park')
INSERT [SuperMercado].[Cliente] ([ID], [NIF], [Endereco]) VALUES (54, N'565213620', N'6384 Johnson Court')
INSERT [SuperMercado].[Cliente] ([ID], [NIF], [Endereco]) VALUES (55, N'808988463', N'2 Quincy Street')
INSERT [SuperMercado].[Cliente] ([ID], [NIF], [Endereco]) VALUES (56, N'929358548', N'66 Erie Crossing')
INSERT [SuperMercado].[Cliente] ([ID], [NIF], [Endereco]) VALUES (57, N'957810157', N'3740 Hudson Terrace')
INSERT [SuperMercado].[Cliente] ([ID], [NIF], [Endereco]) VALUES (115, N'123123123', N'')
INSERT [SuperMercado].[Cliente] ([ID], [NIF], [Endereco]) VALUES (122, N'999999999', N'')
INSERT [SuperMercado].[Cliente] ([ID], [NIF], [Endereco]) VALUES (123, N'999999999', N'')
INSERT [SuperMercado].[Cliente] ([ID], [NIF], [Endereco]) VALUES (124, N'999999999', N'')
INSERT [SuperMercado].[Cliente] ([ID], [NIF], [Endereco]) VALUES (128, N'234657483', N'')
INSERT [SuperMercado].[Cliente] ([ID], [NIF], [Endereco]) VALUES (131, N'999999999', N'')
INSERT [SuperMercado].[Cliente] ([ID], [NIF], [Endereco]) VALUES (134, N'999999999', N'')
INSERT [SuperMercado].[Cliente] ([ID], [NIF], [Endereco]) VALUES (135, N'999999999', N'')


-----------
-- CONDUTOR
INSERT [SuperMercado].[Condutor] ([ID], [Disponivel], [CartaoConducao]) VALUES (75, 1, N'715604988')
INSERT [SuperMercado].[Condutor] ([ID], [Disponivel], [CartaoConducao]) VALUES (76, 0, N'733924148')
INSERT [SuperMercado].[Condutor] ([ID], [Disponivel], [CartaoConducao]) VALUES (77, 1, N'201029316')
INSERT [SuperMercado].[Condutor] ([ID], [Disponivel], [CartaoConducao]) VALUES (78, 0, N'765835126')
INSERT [SuperMercado].[Condutor] ([ID], [Disponivel], [CartaoConducao]) VALUES (79, 1, N'703361593')
INSERT [SuperMercado].[Condutor] ([ID], [Disponivel], [CartaoConducao]) VALUES (80, 0, N'292593519')
INSERT [SuperMercado].[Condutor] ([ID], [Disponivel], [CartaoConducao]) VALUES (81, 1, N'760431313')
INSERT [SuperMercado].[Condutor] ([ID], [Disponivel], [CartaoConducao]) VALUES (82, 1, N'577736477')
INSERT [SuperMercado].[Condutor] ([ID], [Disponivel], [CartaoConducao]) VALUES (83, 0, N'945552187')
INSERT [SuperMercado].[Condutor] ([ID], [Disponivel], [CartaoConducao]) VALUES (84, 1, N'339820573')
INSERT [SuperMercado].[Condutor] ([ID], [Disponivel], [CartaoConducao]) VALUES (85, 1, N'287987356')
INSERT [SuperMercado].[Condutor] ([ID], [Disponivel], [CartaoConducao]) VALUES (86, 1, N'970901078')
INSERT [SuperMercado].[Condutor] ([ID], [Disponivel], [CartaoConducao]) VALUES (87, 1, N'538413496')
INSERT [SuperMercado].[Condutor] ([ID], [Disponivel], [CartaoConducao]) VALUES (88, 0, N'308241970')
INSERT [SuperMercado].[Condutor] ([ID], [Disponivel], [CartaoConducao]) VALUES (89, 1, N'530564925')
INSERT [SuperMercado].[Condutor] ([ID], [Disponivel], [CartaoConducao]) VALUES (90, 0, N'588394688')
INSERT [SuperMercado].[Condutor] ([ID], [Disponivel], [CartaoConducao]) VALUES (121, 1, N'123123123')
INSERT [SuperMercado].[Condutor] ([ID], [Disponivel], [CartaoConducao]) VALUES (126, 1, N'332584905')
INSERT [SuperMercado].[Condutor] ([ID], [Disponivel], [CartaoConducao]) VALUES (130, 1, N'856375897')
INSERT [SuperMercado].[Condutor] ([ID], [Disponivel], [CartaoConducao]) VALUES (133, 1, N'875637224')
INSERT [SuperMercado].[Condutor] ([ID], [Disponivel], [CartaoConducao]) VALUES (137, 1, N'876453678')
SET ANSI_PADDING ON
GO

----------
-- CONDUZ
INSERT [SuperMercado].[Conduz] ([Condutor], [Transporte]) VALUES (77, 17)
INSERT [SuperMercado].[Conduz] ([Condutor], [Transporte]) VALUES (75, 15)
INSERT [SuperMercado].[Conduz] ([Condutor], [Transporte]) VALUES (80, 11)
INSERT [SuperMercado].[Conduz] ([Condutor], [Transporte]) VALUES (75, 8)
INSERT [SuperMercado].[Conduz] ([Condutor], [Transporte]) VALUES (86, 7)
INSERT [SuperMercado].[Conduz] ([Condutor], [Transporte]) VALUES (81, 5)
INSERT [SuperMercado].[Conduz] ([Condutor], [Transporte]) VALUES (76, 20)


----------
-- CONTEM
INSERT [SuperMercado].[Contem] ([Quantidade], [Encomenda], [ProdutoCodigo], [Preco]) VALUES (1, 1, 101, 72.72)
INSERT [SuperMercado].[Contem] ([Quantidade], [Encomenda], [ProdutoCodigo], [Preco]) VALUES (3, 2, 106, 67.9)
INSERT [SuperMercado].[Contem] ([Quantidade], [Encomenda], [ProdutoCodigo], [Preco]) VALUES (1, 3, 122, 54.27)
INSERT [SuperMercado].[Contem] ([Quantidade], [Encomenda], [ProdutoCodigo], [Preco]) VALUES (3, 4, 118, 76.56)
INSERT [SuperMercado].[Contem] ([Quantidade], [Encomenda], [ProdutoCodigo], [Preco]) VALUES (1, 4, 111, 77.58)
INSERT [SuperMercado].[Contem] ([Quantidade], [Encomenda], [ProdutoCodigo], [Preco]) VALUES (3, 5, 124, 41.59)
INSERT [SuperMercado].[Contem] ([Quantidade], [Encomenda], [ProdutoCodigo], [Preco]) VALUES (1, 5, 130, 19.65)
INSERT [SuperMercado].[Contem] ([Quantidade], [Encomenda], [ProdutoCodigo], [Preco]) VALUES (3, 6, 107, 60.04)
INSERT [SuperMercado].[Contem] ([Quantidade], [Encomenda], [ProdutoCodigo], [Preco]) VALUES (1, 6, 122, 54.27)
INSERT [SuperMercado].[Contem] ([Quantidade], [Encomenda], [ProdutoCodigo], [Preco]) VALUES (1, 7, 108, 7.35)
INSERT [SuperMercado].[Contem] ([Quantidade], [Encomenda], [ProdutoCodigo], [Preco]) VALUES (1, 7, 119, 11.34)


---------
-- ENCOMENDA
SET IDENTITY_INSERT [SuperMercado].[Encomenda] ON 
INSERT [SuperMercado].[Encomenda] ([ID], [Client], [Funcionario], [Condutor], [CondicoesPagamento], [Destino], [CustoTotal], [Estado], [Pago], [Data]) VALUES (1, 115, 23, 88, N'Transferência Bancária', N'asd', 72.72, 1, 1, CAST(N'2020-06-08' AS Date))
INSERT [SuperMercado].[Encomenda] ([ID], [Client], [Funcionario], [Condutor], [CondicoesPagamento], [Destino], [CustoTotal], [Estado], [Pago], [Data]) VALUES (2, 122, 15, 87, N'Referência Multibanco', N'porto', 203.7, 1, 1, CAST(N'2020-08-06' AS Date))
INSERT [SuperMercado].[Encomenda] ([ID], [Client], [Funcionario], [Condutor], [CondicoesPagamento], [Destino], [CustoTotal], [Estado], [Pago], [Data]) VALUES (3, 123, 12, 89, N'Cartão de Crédito', N'aveiro', 54.27, 1, 1, CAST(N'2020-08-06' AS Date))
INSERT [SuperMercado].[Encomenda] ([ID], [Client], [Funcionario], [Condutor], [CondicoesPagamento], [Destino], [CustoTotal], [Estado], [Pago], [Data]) VALUES (4, 124, 8, 88, N'Cartão de Crédito', N'aveiro', 307.26, 1, 1, CAST(N'2020-09-06' AS Date))
INSERT [SuperMercado].[Encomenda] ([ID], [Client], [Funcionario], [Condutor], [CondicoesPagamento], [Destino], [CustoTotal], [Estado], [Pago], [Data]) VALUES (5, 128, 15, 79, N'Cartão de Crédito', N'aveiro', 144.42, 1, 1, CAST(N'2020-09-06' AS Date))
INSERT [SuperMercado].[Encomenda] ([ID], [Client], [Funcionario], [Condutor], [CondicoesPagamento], [Destino], [CustoTotal], [Estado], [Pago], [Data]) VALUES (6, 131, 18, 81, N'Cartão de Crédito', N'aveiro', 234.39, 1, 1, CAST(N'2020-09-06' AS Date))
INSERT [SuperMercado].[Encomenda] ([ID], [Client], [Funcionario], [Condutor], [CondicoesPagamento], [Destino], [CustoTotal], [Estado], [Pago], [Data]) VALUES (7, 135, 12, 87, N'Transferência Bancária', N'aveiro', 18.69, 1, 1, CAST(N'2020-09-06' AS Date))
SET IDENTITY_INSERT [SuperMercado].[Encomenda] OFF


----------
-- FATURA
SET IDENTITY_INSERT [SuperMercado].[Fatura] ON 
INSERT [SuperMercado].[Fatura] ([ID], [Encomenda], [Client], [Funcionario], [CondicoesPagamento], [CustoTotal], [Data]) VALUES (1, 1, 115, 23, N'Transferência Bancária', 72, CAST(N'2020-06-08' AS Date))
INSERT [SuperMercado].[Fatura] ([ID], [Encomenda], [Client], [Funcionario], [CondicoesPagamento], [CustoTotal], [Data]) VALUES (2, 2, 122, 15, N'Referência Multibanco', 203, CAST(N'2020-08-06' AS Date))
INSERT [SuperMercado].[Fatura] ([ID], [Encomenda], [Client], [Funcionario], [CondicoesPagamento], [CustoTotal], [Data]) VALUES (3, 3, 123, 12, N'Cartão de Crédito', 54, CAST(N'2020-08-06' AS Date))
INSERT [SuperMercado].[Fatura] ([ID], [Encomenda], [Client], [Funcionario], [CondicoesPagamento], [CustoTotal], [Data]) VALUES (4, 5, 128, 15, N'Cartão de Crédito', 144, CAST(N'2020-09-06' AS Date))
INSERT [SuperMercado].[Fatura] ([ID], [Encomenda], [Client], [Funcionario], [CondicoesPagamento], [CustoTotal], [Data]) VALUES (5, 5, 128, 15, N'Cartão de Crédito', 144, CAST(N'2020-09-06' AS Date))
INSERT [SuperMercado].[Fatura] ([ID], [Encomenda], [Client], [Funcionario], [CondicoesPagamento], [CustoTotal], [Data]) VALUES (6, 6, 131, 18, N'Cartão de Crédito', 234, CAST(N'2020-09-06' AS Date))
INSERT [SuperMercado].[Fatura] ([ID], [Encomenda], [Client], [Funcionario], [CondicoesPagamento], [CustoTotal], [Data]) VALUES (7, 7, 135, 12, N'Transferência Bancária', 18, CAST(N'2020-09-06' AS Date))
SET IDENTITY_INSERT [SuperMercado].[Fatura] OFF


----------
-- FORNECE
INSERT [SuperMercado].[Fornece] ([Produto], [Fornecedor], [PrecoCompra], [Quantidade]) VALUES (101, N'Cullen Fields', 1.69, 74)
INSERT [SuperMercado].[Fornece] ([Produto], [Fornecedor], [PrecoCompra], [Quantidade]) VALUES (102, N'Cedric Henderson', 0.06, 25)
INSERT [SuperMercado].[Fornece] ([Produto], [Fornecedor], [PrecoCompra], [Quantidade]) VALUES (103, N'Zane Sosa', 4.93, 175)
INSERT [SuperMercado].[Fornece] ([Produto], [Fornecedor], [PrecoCompra], [Quantidade]) VALUES (104, N'Bruce Holman', 7.39, 10)
INSERT [SuperMercado].[Fornece] ([Produto], [Fornecedor], [PrecoCompra], [Quantidade]) VALUES (105, N'Bell Walton', 4.17, 201)
INSERT [SuperMercado].[Fornece] ([Produto], [Fornecedor], [PrecoCompra], [Quantidade]) VALUES (106, N'Zane Sosa', 6.39, 171)
INSERT [SuperMercado].[Fornece] ([Produto], [Fornecedor], [PrecoCompra], [Quantidade]) VALUES (107, N'Jasper Shaw', 3.16, 182)
INSERT [SuperMercado].[Fornece] ([Produto], [Fornecedor], [PrecoCompra], [Quantidade]) VALUES (108, N'Bruce Holman', 3.25, 127)
INSERT [SuperMercado].[Fornece] ([Produto], [Fornecedor], [PrecoCompra], [Quantidade]) VALUES (109, N'Bruce Holman', 4.9, 125)
INSERT [SuperMercado].[Fornece] ([Produto], [Fornecedor], [PrecoCompra], [Quantidade]) VALUES (110, N'Arden Terrell', 0.89, 169)
INSERT [SuperMercado].[Fornece] ([Produto], [Fornecedor], [PrecoCompra], [Quantidade]) VALUES (111, N'Cullen Fields', 4.3, 140)
INSERT [SuperMercado].[Fornece] ([Produto], [Fornecedor], [PrecoCompra], [Quantidade]) VALUES (112, N'Bell Walton', 3.44, 281)
INSERT [SuperMercado].[Fornece] ([Produto], [Fornecedor], [PrecoCompra], [Quantidade]) VALUES (113, N'Kirk Barnes', 4.03, 76)
INSERT [SuperMercado].[Fornece] ([Produto], [Fornecedor], [PrecoCompra], [Quantidade]) VALUES (114, N'Cleo Alston', 6.6, 274)
INSERT [SuperMercado].[Fornece] ([Produto], [Fornecedor], [PrecoCompra], [Quantidade]) VALUES (115, N'Jasper Shaw', 7.25, 159)
INSERT [SuperMercado].[Fornece] ([Produto], [Fornecedor], [PrecoCompra], [Quantidade]) VALUES (116, N'Cleo Alston', 2.83, 13)
INSERT [SuperMercado].[Fornece] ([Produto], [Fornecedor], [PrecoCompra], [Quantidade]) VALUES (117, N'Bruce Holman', 4.27, 190)
INSERT [SuperMercado].[Fornece] ([Produto], [Fornecedor], [PrecoCompra], [Quantidade]) VALUES (118, N'Kirk Barnes', 1.55, 50)
INSERT [SuperMercado].[Fornece] ([Produto], [Fornecedor], [PrecoCompra], [Quantidade]) VALUES (119, N'Zane Sosa', 3.51, 237)
INSERT [SuperMercado].[Fornece] ([Produto], [Fornecedor], [PrecoCompra], [Quantidade]) VALUES (120, N'Cullen Fields', 1.32, 57)
INSERT [SuperMercado].[Fornece] ([Produto], [Fornecedor], [PrecoCompra], [Quantidade]) VALUES (121, N'Cedric Henderson', 2.19, 258)
INSERT [SuperMercado].[Fornece] ([Produto], [Fornecedor], [PrecoCompra], [Quantidade]) VALUES (122, N'Zane Sosa', 9.62, 289)
INSERT [SuperMercado].[Fornece] ([Produto], [Fornecedor], [PrecoCompra], [Quantidade]) VALUES (123, N'Bruce Holman', 4.32, 187)
INSERT [SuperMercado].[Fornece] ([Produto], [Fornecedor], [PrecoCompra], [Quantidade]) VALUES (124, N'Aphrodite Berry', 4.38, 11)
INSERT [SuperMercado].[Fornece] ([Produto], [Fornecedor], [PrecoCompra], [Quantidade]) VALUES (125, N'Cedric Henderson', 1.63, 119)
INSERT [SuperMercado].[Fornece] ([Produto], [Fornecedor], [PrecoCompra], [Quantidade]) VALUES (126, N'Arden Terrell', 3.1, 211)
INSERT [SuperMercado].[Fornece] ([Produto], [Fornecedor], [PrecoCompra], [Quantidade]) VALUES (127, N'Jasper Shaw', 2.73, 37)
INSERT [SuperMercado].[Fornece] ([Produto], [Fornecedor], [PrecoCompra], [Quantidade]) VALUES (128, N'Libby Bishop', 5.48, 77)
INSERT [SuperMercado].[Fornece] ([Produto], [Fornecedor], [PrecoCompra], [Quantidade]) VALUES (129, N'Kirk Barnes', 0.22, 148)
INSERT [SuperMercado].[Fornece] ([Produto], [Fornecedor], [PrecoCompra], [Quantidade]) VALUES (130, N'Cleo Alston', 5.59, 50)
INSERT [SuperMercado].[Fornece] ([Produto], [Fornecedor], [PrecoCompra], [Quantidade]) VALUES (131, N'Libby Bishop', 4.61, 12)
INSERT [SuperMercado].[Fornece] ([Produto], [Fornecedor], [PrecoCompra], [Quantidade]) VALUES (132, N'Aphrodite Berry', 4.05, 21)
INSERT [SuperMercado].[Fornece] ([Produto], [Fornecedor], [PrecoCompra], [Quantidade]) VALUES (133, N'Hanna Franco', 9.25, 169)
INSERT [SuperMercado].[Fornece] ([Produto], [Fornecedor], [PrecoCompra], [Quantidade]) VALUES (134, N'Libby Bishop', 8.89, 88)
INSERT [SuperMercado].[Fornece] ([Produto], [Fornecedor], [PrecoCompra], [Quantidade]) VALUES (135, N'Zane Sosa', 8.13, 22)
INSERT [SuperMercado].[Fornece] ([Produto], [Fornecedor], [PrecoCompra], [Quantidade]) VALUES (136, N'Zane Sosa', 4.06, 237)
INSERT [SuperMercado].[Fornece] ([Produto], [Fornecedor], [PrecoCompra], [Quantidade]) VALUES (137, N'Aphrodite Berry', 3.49, 145)
INSERT [SuperMercado].[Fornece] ([Produto], [Fornecedor], [PrecoCompra], [Quantidade]) VALUES (138, N'Aphrodite Berry', 7.6, 180)
INSERT [SuperMercado].[Fornece] ([Produto], [Fornecedor], [PrecoCompra], [Quantidade]) VALUES (139, N'Cleo Alston', 9.06, 14)
INSERT [SuperMercado].[Fornece] ([Produto], [Fornecedor], [PrecoCompra], [Quantidade]) VALUES (140, N'Cleo Alston', 5.5, 3)
INSERT [SuperMercado].[Fornece] ([Produto], [Fornecedor], [PrecoCompra], [Quantidade]) VALUES (141, N'Jasper Shaw', 0.35, 52)
INSERT [SuperMercado].[Fornece] ([Produto], [Fornecedor], [PrecoCompra], [Quantidade]) VALUES (142, N'Bruce Holman', 5.46, 238)
INSERT [SuperMercado].[Fornece] ([Produto], [Fornecedor], [PrecoCompra], [Quantidade]) VALUES (143, N'Libby Bishop', 7.27, 195)
INSERT [SuperMercado].[Fornece] ([Produto], [Fornecedor], [PrecoCompra], [Quantidade]) VALUES (144, N'Odessa Cummings', 9.19, 92)
INSERT [SuperMercado].[Fornece] ([Produto], [Fornecedor], [PrecoCompra], [Quantidade]) VALUES (145, N'Odessa Cummings', 7.39, 144)
INSERT [SuperMercado].[Fornece] ([Produto], [Fornecedor], [PrecoCompra], [Quantidade]) VALUES (146, N'Hanna Franco', 6.39, 182)
INSERT [SuperMercado].[Fornece] ([Produto], [Fornecedor], [PrecoCompra], [Quantidade]) VALUES (147, N'Odessa Cummings', 2.87, 41)
INSERT [SuperMercado].[Fornece] ([Produto], [Fornecedor], [PrecoCompra], [Quantidade]) VALUES (148, N'Odessa Cummings', 7.33, 82)
INSERT [SuperMercado].[Fornece] ([Produto], [Fornecedor], [PrecoCompra], [Quantidade]) VALUES (149, N'Zane Sosa', 9.41, 147)
INSERT [SuperMercado].[Fornece] ([Produto], [Fornecedor], [PrecoCompra], [Quantidade]) VALUES (150, N'Cedric Henderson', 8.98, 57)
INSERT [SuperMercado].[Fornece] ([Produto], [Fornecedor], [PrecoCompra], [Quantidade]) VALUES (151, N'Cullen Fields', 9.47, 57)
INSERT [SuperMercado].[Fornece] ([Produto], [Fornecedor], [PrecoCompra], [Quantidade]) VALUES (152, N'Jasper Shaw', 5, 290)
INSERT [SuperMercado].[Fornece] ([Produto], [Fornecedor], [PrecoCompra], [Quantidade]) VALUES (153, N'Arden Terrell', 8.41, 101)
INSERT [SuperMercado].[Fornece] ([Produto], [Fornecedor], [PrecoCompra], [Quantidade]) VALUES (154, N'Bell Walton', 9.91, 124)
INSERT [SuperMercado].[Fornece] ([Produto], [Fornecedor], [PrecoCompra], [Quantidade]) VALUES (155, N'Libby Bishop', 1.97, 151)
INSERT [SuperMercado].[Fornece] ([Produto], [Fornecedor], [PrecoCompra], [Quantidade]) VALUES (156, N'Bell Walton', 8.15, 167)
INSERT [SuperMercado].[Fornece] ([Produto], [Fornecedor], [PrecoCompra], [Quantidade]) VALUES (157, N'Odessa Cummings', 6.39, 241)
INSERT [SuperMercado].[Fornece] ([Produto], [Fornecedor], [PrecoCompra], [Quantidade]) VALUES (158, N'Odessa Cummings', 7.58, 148)
INSERT [SuperMercado].[Fornece] ([Produto], [Fornecedor], [PrecoCompra], [Quantidade]) VALUES (159, N'Cullen Fields', 2.74, 176)
INSERT [SuperMercado].[Fornece] ([Produto], [Fornecedor], [PrecoCompra], [Quantidade]) VALUES (160, N'Zane Sosa', 4.23, 198)
INSERT [SuperMercado].[Fornece] ([Produto], [Fornecedor], [PrecoCompra], [Quantidade]) VALUES (161, N'Cullen Fields', 6.62, 228)
INSERT [SuperMercado].[Fornece] ([Produto], [Fornecedor], [PrecoCompra], [Quantidade]) VALUES (162, N'Cullen Fields', 6.29, 76)
INSERT [SuperMercado].[Fornece] ([Produto], [Fornecedor], [PrecoCompra], [Quantidade]) VALUES (163, N'Odessa Cummings', 5.44, 119)
INSERT [SuperMercado].[Fornece] ([Produto], [Fornecedor], [PrecoCompra], [Quantidade]) VALUES (164, N'Cullen Fields', 9.26, 48)
INSERT [SuperMercado].[Fornece] ([Produto], [Fornecedor], [PrecoCompra], [Quantidade]) VALUES (165, N'Kirk Barnes', 5.82, 85)
INSERT [SuperMercado].[Fornece] ([Produto], [Fornecedor], [PrecoCompra], [Quantidade]) VALUES (166, N'Bruce Holman', 1.74, 179)
INSERT [SuperMercado].[Fornece] ([Produto], [Fornecedor], [PrecoCompra], [Quantidade]) VALUES (167, N'Zane Sosa', 5.95, 20)
INSERT [SuperMercado].[Fornece] ([Produto], [Fornecedor], [PrecoCompra], [Quantidade]) VALUES (168, N'Cedric Henderson', 5.98, 91)
INSERT [SuperMercado].[Fornece] ([Produto], [Fornecedor], [PrecoCompra], [Quantidade]) VALUES (169, N'Aphrodite Berry', 6.2, 22)
INSERT [SuperMercado].[Fornece] ([Produto], [Fornecedor], [PrecoCompra], [Quantidade]) VALUES (170, N'Hanna Franco', 3.14, 11)
INSERT [SuperMercado].[Fornece] ([Produto], [Fornecedor], [PrecoCompra], [Quantidade]) VALUES (171, N'Hanna Franco', 9.59, 188)
INSERT [SuperMercado].[Fornece] ([Produto], [Fornecedor], [PrecoCompra], [Quantidade]) VALUES (172, N'Jasper Shaw', 2.2, 25)
INSERT [SuperMercado].[Fornece] ([Produto], [Fornecedor], [PrecoCompra], [Quantidade]) VALUES (173, N'Aphrodite Berry', 6.54, 55)
INSERT [SuperMercado].[Fornece] ([Produto], [Fornecedor], [PrecoCompra], [Quantidade]) VALUES (174, N'Arden Terrell', 3.95, 34)
INSERT [SuperMercado].[Fornece] ([Produto], [Fornecedor], [PrecoCompra], [Quantidade]) VALUES (175, N'Libby Bishop', 4.16, 131)
INSERT [SuperMercado].[Fornece] ([Produto], [Fornecedor], [PrecoCompra], [Quantidade]) VALUES (176, N'Bruce Holman', 5.05, 181)
INSERT [SuperMercado].[Fornece] ([Produto], [Fornecedor], [PrecoCompra], [Quantidade]) VALUES (177, N'Libby Bishop', 9.04, 65)
INSERT [SuperMercado].[Fornece] ([Produto], [Fornecedor], [PrecoCompra], [Quantidade]) VALUES (178, N'Arden Terrell', 1.41, 142)
INSERT [SuperMercado].[Fornece] ([Produto], [Fornecedor], [PrecoCompra], [Quantidade]) VALUES (179, N'Cedric Henderson', 1.23, 90)
INSERT [SuperMercado].[Fornece] ([Produto], [Fornecedor], [PrecoCompra], [Quantidade]) VALUES (180, N'Bruce Holman', 2.69, 113)
INSERT [SuperMercado].[Fornece] ([Produto], [Fornecedor], [PrecoCompra], [Quantidade]) VALUES (181, N'Kirk Barnes', 2.03, 300)
INSERT [SuperMercado].[Fornece] ([Produto], [Fornecedor], [PrecoCompra], [Quantidade]) VALUES (182, N'Hanna Franco', 7.66, 101)
INSERT [SuperMercado].[Fornece] ([Produto], [Fornecedor], [PrecoCompra], [Quantidade]) VALUES (183, N'Cedric Henderson', 2.41, 151)
INSERT [SuperMercado].[Fornece] ([Produto], [Fornecedor], [PrecoCompra], [Quantidade]) VALUES (184, N'Cullen Fields', 9.36, 254)
INSERT [SuperMercado].[Fornece] ([Produto], [Fornecedor], [PrecoCompra], [Quantidade]) VALUES (185, N'Cleo Alston', 9.75, 261)
INSERT [SuperMercado].[Fornece] ([Produto], [Fornecedor], [PrecoCompra], [Quantidade]) VALUES (186, N'Cullen Fields', 0.69, 276)
INSERT [SuperMercado].[Fornece] ([Produto], [Fornecedor], [PrecoCompra], [Quantidade]) VALUES (187, N'Odessa Cummings', 8.33, 43)
INSERT [SuperMercado].[Fornece] ([Produto], [Fornecedor], [PrecoCompra], [Quantidade]) VALUES (188, N'Zane Sosa', 0.64, 140)
INSERT [SuperMercado].[Fornece] ([Produto], [Fornecedor], [PrecoCompra], [Quantidade]) VALUES (189, N'Arden Terrell', 3.69, 9)
INSERT [SuperMercado].[Fornece] ([Produto], [Fornecedor], [PrecoCompra], [Quantidade]) VALUES (190, N'Zane Sosa', 0.73, 256)
INSERT [SuperMercado].[Fornece] ([Produto], [Fornecedor], [PrecoCompra], [Quantidade]) VALUES (191, N'Bruce Holman', 9.36, 167)
INSERT [SuperMercado].[Fornece] ([Produto], [Fornecedor], [PrecoCompra], [Quantidade]) VALUES (192, N'Kirk Barnes', 6.65, 106)
INSERT [SuperMercado].[Fornece] ([Produto], [Fornecedor], [PrecoCompra], [Quantidade]) VALUES (193, N'Bruce Holman', 3.01, 230)
INSERT [SuperMercado].[Fornece] ([Produto], [Fornecedor], [PrecoCompra], [Quantidade]) VALUES (194, N'Aphrodite Berry', 9.74, 121)
INSERT [SuperMercado].[Fornece] ([Produto], [Fornecedor], [PrecoCompra], [Quantidade]) VALUES (195, N'Arden Terrell', 3.93, 133)
INSERT [SuperMercado].[Fornece] ([Produto], [Fornecedor], [PrecoCompra], [Quantidade]) VALUES (196, N'Odessa Cummings', 2.91, 44)
INSERT [SuperMercado].[Fornece] ([Produto], [Fornecedor], [PrecoCompra], [Quantidade]) VALUES (197, N'Cullen Fields', 9.57, 47)
INSERT [SuperMercado].[Fornece] ([Produto], [Fornecedor], [PrecoCompra], [Quantidade]) VALUES (198, N'Aphrodite Berry', 8.66, 32)
INSERT [SuperMercado].[Fornece] ([Produto], [Fornecedor], [PrecoCompra], [Quantidade]) VALUES (199, N'Aphrodite Berry', 0.06, 219)
INSERT [SuperMercado].[Fornece] ([Produto], [Fornecedor], [PrecoCompra], [Quantidade]) VALUES (200, N'Aphrodite Berry', 6.77, 64)
GO
INSERT [SuperMercado].[Fornece] ([Produto], [Fornecedor], [PrecoCompra], [Quantidade]) VALUES (103, N'Hanna Franco', 2.92, 1)
INSERT [SuperMercado].[Fornece] ([Produto], [Fornecedor], [PrecoCompra], [Quantidade]) VALUES (188, N'Cleo Alston', 3.45, 1)


-----
-- FORNECEDOR
INSERT [SuperMercado].[Fornecedor] ([Fax], [Email], [Nome], [NIF], [Tipo]) VALUES (N'2245256011', N'neque@odio.com', N'Aphrodite Berry', N'748580247', N'legumes')
INSERT [SuperMercado].[Fornecedor] ([Fax], [Email], [Nome], [NIF], [Tipo]) VALUES (N'2369320650', N'ligula@Namporttitor.ca', N'Arden Terrell', N'859220878', N'fruta')
INSERT [SuperMercado].[Fornecedor] ([Fax], [Email], [Nome], [NIF], [Tipo]) VALUES (N'2093318277', N'turpis.Aliquam@sem.com', N'Bell Walton', N'689190434', N'laticinios')
INSERT [SuperMercado].[Fornecedor] ([Fax], [Email], [Nome], [NIF], [Tipo]) VALUES (N'2464393474', N'ante.bibendum@ornare.net', N'Bruce Holman', N'153789891', N'congelados')
INSERT [SuperMercado].[Fornecedor] ([Fax], [Email], [Nome], [NIF], [Tipo]) VALUES (N'2369698165', N'enim.consequat@dictum.com', N'Cedric Henderson', N'966999019', N'fruta')
INSERT [SuperMercado].[Fornecedor] ([Fax], [Email], [Nome], [NIF], [Tipo]) VALUES (N'2203802823', N'vulputate.dui@Nuncpulvinar.net', N'Cleo Alston', N'484538883', N'carne')
INSERT [SuperMercado].[Fornecedor] ([Fax], [Email], [Nome], [NIF], [Tipo]) VALUES (N'2060113935', N'litora.torquent@luctuset.co.uk', N'Cullen Fields', N'710064789', N'mercearia')
INSERT [SuperMercado].[Fornecedor] ([Fax], [Email], [Nome], [NIF], [Tipo]) VALUES (N'2837399859', N'dis.parturient@mus.com', N'Hanna Franco', N'157658647', N'peixe')
INSERT [SuperMercado].[Fornecedor] ([Fax], [Email], [Nome], [NIF], [Tipo]) VALUES (N'2148455424', N'sociosqu.ad@Fuscemilorem.co.uk', N'Jasper Shaw', N'926852771', N'bolos')
INSERT [SuperMercado].[Fornecedor] ([Fax], [Email], [Nome], [NIF], [Tipo]) VALUES (N'2776321842', N'magna@mollisDuissit.net', N'Kirk Barnes', N'151206803', N'fruta')
INSERT [SuperMercado].[Fornecedor] ([Fax], [Email], [Nome], [NIF], [Tipo]) VALUES (N'2360240058', N'mollis.Phasellus@magnaet.edu', N'Libby Bishop', N'796275758', N'carne')
INSERT [SuperMercado].[Fornecedor] ([Fax], [Email], [Nome], [NIF], [Tipo]) VALUES (N'2619610093', N'id.nunc@egestasadui.edu', N'Odessa Cummings', N'985810050', N'laticinios')
INSERT [SuperMercado].[Fornecedor] ([Fax], [Email], [Nome], [NIF], [Tipo]) VALUES (N'7648762342', N'supplier@teste.pt', N'SupplierTeste', N'776456839', N'legumes')
INSERT [SuperMercado].[Fornecedor] ([Fax], [Email], [Nome], [NIF], [Tipo]) VALUES (N'2678415049', N'Fusce.mi@tellus.co.uk', N'Zane Sosa', N'413750673', N'pao')
SET ANSI_PADDING ON
GO

------
-- FUNCIONARIO
INSERT [SuperMercado].[Funcionario] ([ID]) VALUES (6)
INSERT [SuperMercado].[Funcionario] ([ID]) VALUES (7)
INSERT [SuperMercado].[Funcionario] ([ID]) VALUES (8)
INSERT [SuperMercado].[Funcionario] ([ID]) VALUES (9)
INSERT [SuperMercado].[Funcionario] ([ID]) VALUES (10)
INSERT [SuperMercado].[Funcionario] ([ID]) VALUES (11)
INSERT [SuperMercado].[Funcionario] ([ID]) VALUES (12)
INSERT [SuperMercado].[Funcionario] ([ID]) VALUES (13)
INSERT [SuperMercado].[Funcionario] ([ID]) VALUES (14)
INSERT [SuperMercado].[Funcionario] ([ID]) VALUES (15)
INSERT [SuperMercado].[Funcionario] ([ID]) VALUES (16)
INSERT [SuperMercado].[Funcionario] ([ID]) VALUES (17)
INSERT [SuperMercado].[Funcionario] ([ID]) VALUES (18)
INSERT [SuperMercado].[Funcionario] ([ID]) VALUES (19)
INSERT [SuperMercado].[Funcionario] ([ID]) VALUES (20)
INSERT [SuperMercado].[Funcionario] ([ID]) VALUES (21)
INSERT [SuperMercado].[Funcionario] ([ID]) VALUES (22)
INSERT [SuperMercado].[Funcionario] ([ID]) VALUES (23)
INSERT [SuperMercado].[Funcionario] ([ID]) VALUES (24)
INSERT [SuperMercado].[Funcionario] ([ID]) VALUES (25)
INSERT [SuperMercado].[Funcionario] ([ID]) VALUES (26)
INSERT [SuperMercado].[Funcionario] ([ID]) VALUES (27)
INSERT [SuperMercado].[Funcionario] ([ID]) VALUES (28)
INSERT [SuperMercado].[Funcionario] ([ID]) VALUES (29)
INSERT [SuperMercado].[Funcionario] ([ID]) VALUES (114)
INSERT [SuperMercado].[Funcionario] ([ID]) VALUES (116)
INSERT [SuperMercado].[Funcionario] ([ID]) VALUES (127)
INSERT [SuperMercado].[Funcionario] ([ID]) VALUES (129)
INSERT [SuperMercado].[Funcionario] ([ID]) VALUES (132)
INSERT [SuperMercado].[Funcionario] ([ID]) VALUES (136)


-----------
-- GERENTE ARMAZEM
INSERT [SuperMercado].[GerenteArmazem] ([ID]) VALUES (112)
INSERT [SuperMercado].[GerenteArmazem] ([ID]) VALUES (113)


---------------
-- IVA
INSERT [SuperMercado].[Iva] ([Codigo], [Imposto]) VALUES (3, 6)
INSERT [SuperMercado].[Iva] ([Codigo], [Imposto]) VALUES (2, 13)
INSERT [SuperMercado].[Iva] ([Codigo], [Imposto]) VALUES (1, 23)


-------------
-- MARCA
INSERT [SuperMercado].[Marca] ([Nome], [Compra], [Venda], [Ganho]) VALUES (N'A Neque Nullam Limited', 2.03, 86.69, 80.36)
INSERT [SuperMercado].[Marca] ([Nome], [Compra], [Venda], [Ganho]) VALUES (N'Consectetuer Rhoncus LLP', 9.22, 55.2, 45.98)
INSERT [SuperMercado].[Marca] ([Nome], [Compra], [Venda], [Ganho]) VALUES (N'Duis Dignissim Industries', 8.84, 133.71, 111.72999999999999)
INSERT [SuperMercado].[Marca] ([Nome], [Compra], [Venda], [Ganho]) VALUES (N'Enim Etiam Company', 5.48, 7.42, 1.94)
INSERT [SuperMercado].[Marca] ([Nome], [Compra], [Venda], [Ganho]) VALUES (N'Enim Sit LLP', 3.2, 390.83000000000004, 361.9)
INSERT [SuperMercado].[Marca] ([Nome], [Compra], [Venda], [Ganho]) VALUES (N'Interdum Ligula LLC', 3.65, 244.76000000000002, 232.95000000000005)
INSERT [SuperMercado].[Marca] ([Nome], [Compra], [Venda], [Ganho]) VALUES (N'Ipsum Foundation', 1.42, 7.85, 6.43)
INSERT [SuperMercado].[Marca] ([Nome], [Compra], [Venda], [Ganho]) VALUES (N'Massa Non Consulting', 3.06, 82.44, 77.69)
INSERT [SuperMercado].[Marca] ([Nome], [Compra], [Venda], [Ganho]) VALUES (N'Nascetur Ridiculus Corp.', 5.02, 16.47, 8.2)
INSERT [SuperMercado].[Marca] ([Nome], [Compra], [Venda], [Ganho]) VALUES (N'Nibh Lacinia Orci Incorporated', 9.13, 10.54, 1.41)
INSERT [SuperMercado].[Marca] ([Nome], [Compra], [Venda], [Ganho]) VALUES (N'Non Industries', 4.71, 7.11, 2.4)
INSERT [SuperMercado].[Marca] ([Nome], [Compra], [Venda], [Ganho]) VALUES (N'Pede Nec LLP', 0.4, 2.13, 1.73)
INSERT [SuperMercado].[Marca] ([Nome], [Compra], [Venda], [Ganho]) VALUES (N'Sapien Molestie PC', 1.03, 2.89, 1.86)
INSERT [SuperMercado].[Marca] ([Nome], [Compra], [Venda], [Ganho]) VALUES (N'Ut Semper Company', 0.05, 21.349999999999998, 15.709999999999999)
INSERT [SuperMercado].[Marca] ([Nome], [Compra], [Venda], [Ganho]) VALUES (N'Varius Nam Associates', 9.5, 22.43, 16.38)
INSERT [SuperMercado].[Marca] ([Nome], [Compra], [Venda], [Ganho]) VALUES (N'Vel Ltd', 2.28, 117.62, 96.100000000000009)


--------
-- PESSOA
SET IDENTITY_INSERT [SuperMercado].[Pessoa] ON 

INSERT [SuperMercado].[Pessoa] ([ID], [Nome], [Email], [Telefone], [Idade], [Salario], [Genero]) VALUES (1, N'Morgan James', N'lectus@enimnectempus.edu', N'980781344', 35, 2300.14, N'F')
INSERT [SuperMercado].[Pessoa] ([ID], [Nome], [Email], [Telefone], [Idade], [Salario], [Genero]) VALUES (2, N'Nyssa Coleman', N'cursus.et.eros@utmolestie.org', N'931794026', 34, 2701.2, N'M')
INSERT [SuperMercado].[Pessoa] ([ID], [Nome], [Email], [Telefone], [Idade], [Salario], [Genero]) VALUES (3, N'Tad Mccarthy', N'non@ut.ca', N'973739722', 30, 1139.11, N'M')
INSERT [SuperMercado].[Pessoa] ([ID], [Nome], [Email], [Telefone], [Idade], [Salario], [Genero]) VALUES (4, N'Boris Shepherd', N'mi.enim.condimentum@rhoncus.ca', N'987009373', 39, 1679.15, N'F')
INSERT [SuperMercado].[Pessoa] ([ID], [Nome], [Email], [Telefone], [Idade], [Salario], [Genero]) VALUES (5, N'Bianca David', N'nec@vitaeeratvel.net', N'954969799', 41, 1531, N'F')
INSERT [SuperMercado].[Pessoa] ([ID], [Nome], [Email], [Telefone], [Idade], [Salario], [Genero]) VALUES (6, N'Isaiah Stewart', N'Suspendisse@ultricies.com', N'952663094', 39, 1887.93, N'M')
INSERT [SuperMercado].[Pessoa] ([ID], [Nome], [Email], [Telefone], [Idade], [Salario], [Genero]) VALUES (7, N'Naomi Dickerson', N'erat@egestasurnajusto.org', N'987240523', 44, 1437.53, N'M')
INSERT [SuperMercado].[Pessoa] ([ID], [Nome], [Email], [Telefone], [Idade], [Salario], [Genero]) VALUES (8, N'Illiana Dunn', N'Cras.vehicula@magnis.ca', N'928543539', 60, 1714.88, N'M')
INSERT [SuperMercado].[Pessoa] ([ID], [Nome], [Email], [Telefone], [Idade], [Salario], [Genero]) VALUES (9, N'Martina Mcfarland', N'nec.eleifend.non@hendrerit.edu', N'906658805', 38, 2728.89, N'M')
INSERT [SuperMercado].[Pessoa] ([ID], [Nome], [Email], [Telefone], [Idade], [Salario], [Genero]) VALUES (10, N'Linda Ward', N'sed.est.Nunc@Nullafacilisi.net', N'943261905', 20, 1126.96, N'M')
INSERT [SuperMercado].[Pessoa] ([ID], [Nome], [Email], [Telefone], [Idade], [Salario], [Genero]) VALUES (11, N'Tana Barr', N'fringilla@nequeet.com', N'968466483', 47, 2187.21, N'M')
INSERT [SuperMercado].[Pessoa] ([ID], [Nome], [Email], [Telefone], [Idade], [Salario], [Genero]) VALUES (12, N'Brielle Barry', N'Quisque.varius@eu.com', N'941950783', 58, 807.43, N'F')
INSERT [SuperMercado].[Pessoa] ([ID], [Nome], [Email], [Telefone], [Idade], [Salario], [Genero]) VALUES (13, N'Cooper Mcintosh', N'nibh.enim@ProinmiAliquam.ca', N'971909795', 47, 1171.89, N'F')
INSERT [SuperMercado].[Pessoa] ([ID], [Nome], [Email], [Telefone], [Idade], [Salario], [Genero]) VALUES (14, N'Tatum Sparks', N'Proin.vel@pellentesque.org', N'975450474', 20, 2200.41, N'F')
INSERT [SuperMercado].[Pessoa] ([ID], [Nome], [Email], [Telefone], [Idade], [Salario], [Genero]) VALUES (15, N'Nathan Molina', N'pede@Nullaaliquet.com', N'913923479', 52, 2169.18, N'F')
INSERT [SuperMercado].[Pessoa] ([ID], [Nome], [Email], [Telefone], [Idade], [Salario], [Genero]) VALUES (16, N'Keelie Cochran', N'a.nunc@commodo.com', N'996426231', 57, 2798.84, N'F')
INSERT [SuperMercado].[Pessoa] ([ID], [Nome], [Email], [Telefone], [Idade], [Salario], [Genero]) VALUES (17, N'Walker Estrada', N'dolor.vitae@acmieleifend.ca', N'990566954', 57, 2773.56, N'F')
INSERT [SuperMercado].[Pessoa] ([ID], [Nome], [Email], [Telefone], [Idade], [Salario], [Genero]) VALUES (18, N'Talon Alexander', N'nec.enim@acsemut.ca', N'918449169', 37, 926.74, N'F')
INSERT [SuperMercado].[Pessoa] ([ID], [Nome], [Email], [Telefone], [Idade], [Salario], [Genero]) VALUES (19, N'Aileen Alvarado', N'orci@egestashendrerit.ca', N'900255330', 23, 1603.69, N'F')
INSERT [SuperMercado].[Pessoa] ([ID], [Nome], [Email], [Telefone], [Idade], [Salario], [Genero]) VALUES (20, N'Axel Wise', N'montes.nascetur@et.co.uk', N'967137618', 47, 3038.28, N'M')
INSERT [SuperMercado].[Pessoa] ([ID], [Nome], [Email], [Telefone], [Idade], [Salario], [Genero]) VALUES (21, N'Tara Cline', N'lobortis.quis.pede@risus.com', N'969983414', 40, 786.73, N'F')
INSERT [SuperMercado].[Pessoa] ([ID], [Nome], [Email], [Telefone], [Idade], [Salario], [Genero]) VALUES (22, N'Ayanna Guerra', N'egestas@miAliquamgravida.org', N'931830865', 37, 887.93, N'F')
INSERT [SuperMercado].[Pessoa] ([ID], [Nome], [Email], [Telefone], [Idade], [Salario], [Genero]) VALUES (23, N'Whitney Woodward', N'tellus.imperdiet@varius.net', N'984481000', 32, 1437.53, N'M')
INSERT [SuperMercado].[Pessoa] ([ID], [Nome], [Email], [Telefone], [Idade], [Salario], [Genero]) VALUES (24, N'Carolyn Berg', N'nascetur@Mauris.org', N'968515487', 22, 2300.14, N'M')
INSERT [SuperMercado].[Pessoa] ([ID], [Nome], [Email], [Telefone], [Idade], [Salario], [Genero]) VALUES (25, N'Baxter Roach', N'id.erat.Etiam@rutrum.edu', N'923910515', 28, 2107.57, N'M')
INSERT [SuperMercado].[Pessoa] ([ID], [Nome], [Email], [Telefone], [Idade], [Salario], [Genero]) VALUES (26, N'Rigel Cummings', N'felis@temporaugue.ca', N'967451253', 21, 2977.83, N'M')
INSERT [SuperMercado].[Pessoa] ([ID], [Nome], [Email], [Telefone], [Idade], [Salario], [Genero]) VALUES (27, N'Ciara Gordon', N'non.arcu.Vivamus@luctus.net', N'924283216', 36, 2479.1, N'F')
INSERT [SuperMercado].[Pessoa] ([ID], [Nome], [Email], [Telefone], [Idade], [Salario], [Genero]) VALUES (28, N'Elliott Navarro', N'Aliquam@arcuSedeu.co.uk', N'919095454', 63, 1301.29, N'F')
INSERT [SuperMercado].[Pessoa] ([ID], [Nome], [Email], [Telefone], [Idade], [Salario], [Genero]) VALUES (29, N'Gregory Goff', N'turpis.vitae@ametrisus.ca', N'903415109', 30, 2690.49, N'F')
INSERT [SuperMercado].[Pessoa] ([ID], [Nome], [Email], [Telefone], [Idade], [Salario], [Genero]) VALUES (30, N'Ivan Little', N'est.mollis@lacusMauris.co.uk', N'994251052', 47, 2616.99, N'M')
INSERT [SuperMercado].[Pessoa] ([ID], [Nome], [Email], [Telefone], [Idade], [Salario], [Genero]) VALUES (31, N'Sigourney Alston', N'et.eros@infelis.org', N'950340257', 39, 1004.96, N'M')
INSERT [SuperMercado].[Pessoa] ([ID], [Nome], [Email], [Telefone], [Idade], [Salario], [Genero]) VALUES (32, N'Brooke Gilliam', N'risus.Nulla.eget@dolor.com', N'930090907', 25, 2987.69, N'F')
INSERT [SuperMercado].[Pessoa] ([ID], [Nome], [Email], [Telefone], [Idade], [Salario], [Genero]) VALUES (33, N'Eugenia Workman', N'Nulla.tincidunt@tempor.co.uk', N'907448515', 51, 889.48, N'F')
INSERT [SuperMercado].[Pessoa] ([ID], [Nome], [Email], [Telefone], [Idade], [Salario], [Genero]) VALUES (34, N'Brenden Whitney', N'eget.venenatis@aliquam.ca', N'939652074', 36, 2914.36, N'M')
INSERT [SuperMercado].[Pessoa] ([ID], [Nome], [Email], [Telefone], [Idade], [Salario], [Genero]) VALUES (35, N'Jasmine Blevins', N'rutrum.eu@Quisquenonummy.co.uk', N'981444670', 46, 1636.56, N'M')
INSERT [SuperMercado].[Pessoa] ([ID], [Nome], [Email], [Telefone], [Idade], [Salario], [Genero]) VALUES (36, N'Caleb Raymond', N'quam.Pellentesque@tempus.com', N'941371039', 41, 1238.17, N'F')
INSERT [SuperMercado].[Pessoa] ([ID], [Nome], [Email], [Telefone], [Idade], [Salario], [Genero]) VALUES (37, N'April May', N'mauris@Nuncmauris.edu', N'958693684', 22, 876.58, N'F')
INSERT [SuperMercado].[Pessoa] ([ID], [Nome], [Email], [Telefone], [Idade], [Salario], [Genero]) VALUES (38, N'Cooper Vaughan', N'urna@et.com', N'905550807', 42, 2716.94, N'M')
INSERT [SuperMercado].[Pessoa] ([ID], [Nome], [Email], [Telefone], [Idade], [Salario], [Genero]) VALUES (39, N'Malcolm Hale', N'sed@duinectempus.co.uk', N'930870584', 23, 2792.47, N'M')
INSERT [SuperMercado].[Pessoa] ([ID], [Nome], [Email], [Telefone], [Idade], [Salario], [Genero]) VALUES (40, N'Rhoda Lester', N'Cum@liberoMorbi.ca', N'919962936', 57, 1370.82, N'F')
INSERT [SuperMercado].[Pessoa] ([ID], [Nome], [Email], [Telefone], [Idade], [Salario], [Genero]) VALUES (41, N'Erin Navarro', N'eu@enimnectempus.edu', N'975729550', 54, 818.02, N'F')
INSERT [SuperMercado].[Pessoa] ([ID], [Nome], [Email], [Telefone], [Idade], [Salario], [Genero]) VALUES (42, N'Vaughan Morton', N'est.congue@ametante.co.uk', N'931416412', 32, 2830.44, N'M')
INSERT [SuperMercado].[Pessoa] ([ID], [Nome], [Email], [Telefone], [Idade], [Salario], [Genero]) VALUES (43, N'Jakeem Lee', N'mi.lacinia.mattis@nisinibh.ca', N'930467779', 25, 2475.1, N'M')
INSERT [SuperMercado].[Pessoa] ([ID], [Nome], [Email], [Telefone], [Idade], [Salario], [Genero]) VALUES (44, N'Guy Craig', N'nonummy@sagittis.org', N'998399789', 63, 2582.05, N'F')
INSERT [SuperMercado].[Pessoa] ([ID], [Nome], [Email], [Telefone], [Idade], [Salario], [Genero]) VALUES (45, N'Eaton Gaines', N'Nunc@inconsectetueripsum.net', N'921804363', 32, 1296.43, N'F')
INSERT [SuperMercado].[Pessoa] ([ID], [Nome], [Email], [Telefone], [Idade], [Salario], [Genero]) VALUES (46, N'Nigel Fisher', N'dolor.sit@acfeugiat.org', N'927224668', 62, 2490.12, N'F')
INSERT [SuperMercado].[Pessoa] ([ID], [Nome], [Email], [Telefone], [Idade], [Salario], [Genero]) VALUES (47, N'Ezra Shields', N'arcu.eu@etnunc.com', N'935923124', 35, 1874.25, N'F')
INSERT [SuperMercado].[Pessoa] ([ID], [Nome], [Email], [Telefone], [Idade], [Salario], [Genero]) VALUES (48, N'Olga Melendez', N'vitae.aliquet@augueutlacus.org', N'979824389', 48, 2091.78, N'F')
INSERT [SuperMercado].[Pessoa] ([ID], [Nome], [Email], [Telefone], [Idade], [Salario], [Genero]) VALUES (49, N'Mark Mcclain', N'turpis@ut.org', N'931005427', 27, 1066.13, N'F')
INSERT [SuperMercado].[Pessoa] ([ID], [Nome], [Email], [Telefone], [Idade], [Salario], [Genero]) VALUES (50, N'Seth Weaver', N'commodo@ornarelectusjusto.com', N'962966796', 42, 1130.12, N'M')
INSERT [SuperMercado].[Pessoa] ([ID], [Nome], [Email], [Telefone], [Idade], [Salario], [Genero]) VALUES (51, N'Lane Livingston', N'mi.ac.mattis@vestibulum.com', N'988904260', 30, 1939.71, N'F')
INSERT [SuperMercado].[Pessoa] ([ID], [Nome], [Email], [Telefone], [Idade], [Salario], [Genero]) VALUES (52, N'Thomas Little', N'velit.in@odio.ca', N'939372575', 26, 1991.92, N'F')
INSERT [SuperMercado].[Pessoa] ([ID], [Nome], [Email], [Telefone], [Idade], [Salario], [Genero]) VALUES (53, N'Micah Dawson', N'interdum.Sed.auctor@montes.net', N'967255676', 39, 1007.52, N'F')
INSERT [SuperMercado].[Pessoa] ([ID], [Nome], [Email], [Telefone], [Idade], [Salario], [Genero]) VALUES (54, N'Philip Vazquez', N'ut.nulla.Cras@senectuset.co.uk', N'925965956', 28, 1015, N'F')
INSERT [SuperMercado].[Pessoa] ([ID], [Nome], [Email], [Telefone], [Idade], [Salario], [Genero]) VALUES (55, N'Casey Powell', N'leo.Cras.vehicula@pede.edu', N'948566508', 21, 1987.19, N'M')
INSERT [SuperMercado].[Pessoa] ([ID], [Nome], [Email], [Telefone], [Idade], [Salario], [Genero]) VALUES (56, N'Todd Parrish', N'scelerisque@elementum.edu', N'938762113', 49, 818.92, N'M')
INSERT [SuperMercado].[Pessoa] ([ID], [Nome], [Email], [Telefone], [Idade], [Salario], [Genero]) VALUES (57, N'Sybil May', N'diam.eu@pedeSuspendisse.org', N'986445693', 44, 2860.78, N'F')
INSERT [SuperMercado].[Pessoa] ([ID], [Nome], [Email], [Telefone], [Idade], [Salario], [Genero]) VALUES (58, N'Levi Santiago', N'Proin.nisl@quamquis.edu', N'970326334', 30, 2891.3, N'F')
INSERT [SuperMercado].[Pessoa] ([ID], [Nome], [Email], [Telefone], [Idade], [Salario], [Genero]) VALUES (59, N'Zeus Howard', N'dolor@magnanec.edu', N'936774431', 39, 2139.61, N'F')
INSERT [SuperMercado].[Pessoa] ([ID], [Nome], [Email], [Telefone], [Idade], [Salario], [Genero]) VALUES (60, N'Astra Pratt', N'ultrices@gravida.org', N'964319479', 41, 1672.45, N'F')
INSERT [SuperMercado].[Pessoa] ([ID], [Nome], [Email], [Telefone], [Idade], [Salario], [Genero]) VALUES (61, N'Noelle Sosa', N'nibh.Phasellus@Cras.com', N'965145988', 56, 1841.73, N'F')
INSERT [SuperMercado].[Pessoa] ([ID], [Nome], [Email], [Telefone], [Idade], [Salario], [Genero]) VALUES (62, N'Scott Holder', N'Etiam.bibendum@auctorquis.net', N'980274699', 53, 2898.51, N'M')
INSERT [SuperMercado].[Pessoa] ([ID], [Nome], [Email], [Telefone], [Idade], [Salario], [Genero]) VALUES (63, N'Henry Mckee', N'ut.cursus@Maecenas.org', N'918434905', 28, 1722.16, N'F')
INSERT [SuperMercado].[Pessoa] ([ID], [Nome], [Email], [Telefone], [Idade], [Salario], [Genero]) VALUES (64, N'Amos Foley', N'non@Nullamlobortis.edu', N'940827352', 52, 2401.29, N'M')
INSERT [SuperMercado].[Pessoa] ([ID], [Nome], [Email], [Telefone], [Idade], [Salario], [Genero]) VALUES (65, N'Westbrooke Shire', N'wshire0@webs.com', N'878804409', 21, 3233.25, N'M')
INSERT [SuperMercado].[Pessoa] ([ID], [Nome], [Email], [Telefone], [Idade], [Salario], [Genero]) VALUES (66, N'Dannye Lindegard', N'dlindegard1@salon.com', N'591860719', 70, 1727.87, N'F')
INSERT [SuperMercado].[Pessoa] ([ID], [Nome], [Email], [Telefone], [Idade], [Salario], [Genero]) VALUES (67, N'Wait Broggini', N'wbroggini2@boston.com', N'517781855', 39, 2899.82, N'M')
INSERT [SuperMercado].[Pessoa] ([ID], [Nome], [Email], [Telefone], [Idade], [Salario], [Genero]) VALUES (68, N'Abbey Flegg', N'aflegg3@imdb.com', N'161867315', 37, 2669.03, N'F')
INSERT [SuperMercado].[Pessoa] ([ID], [Nome], [Email], [Telefone], [Idade], [Salario], [Genero]) VALUES (69, N'Enrica Tween', N'etween4@wikimedia.org', N'107879197', 55, 3313.9, N'F')
INSERT [SuperMercado].[Pessoa] ([ID], [Nome], [Email], [Telefone], [Idade], [Salario], [Genero]) VALUES (70, N'Marysa Mathwin', N'mmathwin5@w3.org', N'380717660', 54, 2447.84, N'F')
INSERT [SuperMercado].[Pessoa] ([ID], [Nome], [Email], [Telefone], [Idade], [Salario], [Genero]) VALUES (71, N'Granger Sabben', N'gsabben6@seesaa.net', N'946258228', 70, 2575.06, N'M')
INSERT [SuperMercado].[Pessoa] ([ID], [Nome], [Email], [Telefone], [Idade], [Salario], [Genero]) VALUES (72, N'Prue Jordeson', N'pjordeson7@bbc.co.uk', N'346717337', 42, 1151.61, N'F')
INSERT [SuperMercado].[Pessoa] ([ID], [Nome], [Email], [Telefone], [Idade], [Salario], [Genero]) VALUES (73, N'Silvanus Hemphall', N'shemphall8@ebay.com', N'654871845', 26, 3246.06, N'M')
INSERT [SuperMercado].[Pessoa] ([ID], [Nome], [Email], [Telefone], [Idade], [Salario], [Genero]) VALUES (74, N'Nappy Vercruysse', N'nvercruysse9@photobucket.com', N'778195523', 29, 2637.79, N'M')
INSERT [SuperMercado].[Pessoa] ([ID], [Nome], [Email], [Telefone], [Idade], [Salario], [Genero]) VALUES (75, N'Constancy Augustin', N'caugustina@trellian.com', N'348558617', 37, 3376.29, N'F')
INSERT [SuperMercado].[Pessoa] ([ID], [Nome], [Email], [Telefone], [Idade], [Salario], [Genero]) VALUES (76, N'Obadias Bellocht', N'obellochtb@deviantart.com', N'768390921', 38, 2704.66, N'M')
INSERT [SuperMercado].[Pessoa] ([ID], [Nome], [Email], [Telefone], [Idade], [Salario], [Genero]) VALUES (77, N'Loise Gun', N'lgund@wisc.edu', N'667529361', 23, 971.34, N'F')
INSERT [SuperMercado].[Pessoa] ([ID], [Nome], [Email], [Telefone], [Idade], [Salario], [Genero]) VALUES (78, N'King Maffezzoli', N'kmaffezzolif@craigslist.org', N'715704458', 41, 2128.65, N'M')
INSERT [SuperMercado].[Pessoa] ([ID], [Nome], [Email], [Telefone], [Idade], [Salario], [Genero]) VALUES (79, N'Franni Gerard', N'fgerardg@businessinsider.com', N'854573723', 25, 3401.63, N'F')
INSERT [SuperMercado].[Pessoa] ([ID], [Nome], [Email], [Telefone], [Idade], [Salario], [Genero]) VALUES (80, N'Simone Spillard', N'sspillardh@mapy.cz', N'819472877', 26, 2431.92, N'M')
INSERT [SuperMercado].[Pessoa] ([ID], [Nome], [Email], [Telefone], [Idade], [Salario], [Genero]) VALUES (81, N'Gerry Durtnell', N'gdurtnelli@over-blog.com', N'473425015', 68, 3382.32, N'F')
INSERT [SuperMercado].[Pessoa] ([ID], [Nome], [Email], [Telefone], [Idade], [Salario], [Genero]) VALUES (82, N'Albert Ridgwell', N'aridgwelll@bizjournals.com', N'358504266', 28, 3981.46, N'M')
INSERT [SuperMercado].[Pessoa] ([ID], [Nome], [Email], [Telefone], [Idade], [Salario], [Genero]) VALUES (83, N'Nari Janusz', N'njanuszm@1688.com', N'261377900', 47, 1693.49, N'F')
INSERT [SuperMercado].[Pessoa] ([ID], [Nome], [Email], [Telefone], [Idade], [Salario], [Genero]) VALUES (84, N'Gerianne Soro', N'gsoron@kickstarter.com', N'175067011', 36, 3591.24, N'F')
INSERT [SuperMercado].[Pessoa] ([ID], [Nome], [Email], [Telefone], [Idade], [Salario], [Genero]) VALUES (85, N'Jaine Guslon', N'jguslono@who.int', N'548687705', 43, 888.55, N'F')
INSERT [SuperMercado].[Pessoa] ([ID], [Nome], [Email], [Telefone], [Idade], [Salario], [Genero]) VALUES (86, N'Andie Sharpe', N'asharpep@sakura.ne.jp', N'630374263', 38, 3150.12, N'M')
INSERT [SuperMercado].[Pessoa] ([ID], [Nome], [Email], [Telefone], [Idade], [Salario], [Genero]) VALUES (87, N'Kevina Sandercock', N'ksandercockq@nifty.com', N'676139540', 30, 2733.87, N'F')
INSERT [SuperMercado].[Pessoa] ([ID], [Nome], [Email], [Telefone], [Idade], [Salario], [Genero]) VALUES (88, N'Everett Paice', N'epaicer@mysql.com', N'428926247', 44, 3232.62, N'M')
INSERT [SuperMercado].[Pessoa] ([ID], [Nome], [Email], [Telefone], [Idade], [Salario], [Genero]) VALUES (89, N'Tannie Astbury', N'tastburys@netvibes.com', N'824097983', 29, 3547.48, N'M')
INSERT [SuperMercado].[Pessoa] ([ID], [Nome], [Email], [Telefone], [Idade], [Salario], [Genero]) VALUES (90, N'Alvinia Gross', N'agrosst@google.com.br', N'689494105', 48, 2641.04, N'F')
INSERT [SuperMercado].[Pessoa] ([ID], [Nome], [Email], [Telefone], [Idade], [Salario], [Genero]) VALUES (91, N'Arni Hinemoor', N'ahinemooru@nasa.gov', N'564489804', 23, 1866.13, N'M')
INSERT [SuperMercado].[Pessoa] ([ID], [Nome], [Email], [Telefone], [Idade], [Salario], [Genero]) VALUES (92, N'Aloise O''Lenane', N'aolenanev@dmoz.org', N'243347812', 56, 2563.42, N'F')
INSERT [SuperMercado].[Pessoa] ([ID], [Nome], [Email], [Telefone], [Idade], [Salario], [Genero]) VALUES (93, N'Sammy Jobin', N'sjobinw@barnesandnoble.com', N'853899906', 20, 3047.29, N'M')
INSERT [SuperMercado].[Pessoa] ([ID], [Nome], [Email], [Telefone], [Idade], [Salario], [Genero]) VALUES (94, N'Renato Summerrell', N'rsummerrellx@vkontakte.ru', N'486072307', 27, 2913.19, N'M')
INSERT [SuperMercado].[Pessoa] ([ID], [Nome], [Email], [Telefone], [Idade], [Salario], [Genero]) VALUES (95, N'Shandie Garrand', N'sgarrandy@umich.edu', N'101035623', 34, 2831.05, N'F')
INSERT [SuperMercado].[Pessoa] ([ID], [Nome], [Email], [Telefone], [Idade], [Salario], [Genero]) VALUES (96, N'Nevin Tradewell', N'ntradewellz@com.com', N'797293289', 68, 2493.92, N'M')
INSERT [SuperMercado].[Pessoa] ([ID], [Nome], [Email], [Telefone], [Idade], [Salario], [Genero]) VALUES (97, N'Bea Jump', N'bjump10@google.com', N'700746583', 68, 1242.27, N'F')
INSERT [SuperMercado].[Pessoa] ([ID], [Nome], [Email], [Telefone], [Idade], [Salario], [Genero]) VALUES (98, N'Cassie McGuffog', N'cmcguffog11@freewebs.com', N'981092712', 62, 3536.32, N'M')
INSERT [SuperMercado].[Pessoa] ([ID], [Nome], [Email], [Telefone], [Idade], [Salario], [Genero]) VALUES (99, N'Lemmy Truckett', N'ltruckett12@joomla.org', N'846057113', 21, 2265.06, N'M')
GO
INSERT [SuperMercado].[Pessoa] ([ID], [Nome], [Email], [Telefone], [Idade], [Salario], [Genero]) VALUES (100, N'Janeva Derges', N'jderges13@issuu.com', N'723145306', 67, 1365.7, N'F')
INSERT [SuperMercado].[Pessoa] ([ID], [Nome], [Email], [Telefone], [Idade], [Salario], [Genero]) VALUES (101, N'Ethelind Starrs', N'estarrs14@amazon.de', N'479431823', 57, 2646.82, N'F')
INSERT [SuperMercado].[Pessoa] ([ID], [Nome], [Email], [Telefone], [Idade], [Salario], [Genero]) VALUES (102, N'Koren Rallings', N'krallings15@loc.gov', N'428227969', 44, 3369.42, N'F')
INSERT [SuperMercado].[Pessoa] ([ID], [Nome], [Email], [Telefone], [Idade], [Salario], [Genero]) VALUES (103, N'Rowena Bunton', N'rbunton16@php.net', N'380909406', 30, 1971.11, N'F')
INSERT [SuperMercado].[Pessoa] ([ID], [Nome], [Email], [Telefone], [Idade], [Salario], [Genero]) VALUES (104, N'Winnah Tadgell', N'wtadgell17@wordpress.com', N'172552208', 49, 4086.71, N'F')
INSERT [SuperMercado].[Pessoa] ([ID], [Nome], [Email], [Telefone], [Idade], [Salario], [Genero]) VALUES (105, N'Sutherlan Sarson', N'ssarson18@xing.com', N'358104137', 34, 3995.9, N'M')
INSERT [SuperMercado].[Pessoa] ([ID], [Nome], [Email], [Telefone], [Idade], [Salario], [Genero]) VALUES (106, N'Ravid Labell', N'rlabell19@umich.edu', N'210885529', 59, 1564.67, N'M')
INSERT [SuperMercado].[Pessoa] ([ID], [Nome], [Email], [Telefone], [Idade], [Salario], [Genero]) VALUES (107, N'Ailey Hinckesman', N'ahinckesman1a@w3.org', N'875911662', 70, 1024.04, N'F')
INSERT [SuperMercado].[Pessoa] ([ID], [Nome], [Email], [Telefone], [Idade], [Salario], [Genero]) VALUES (108, N'Gib Pesak', N'gpesak1b@youku.com', N'452257443', 37, 3996.95, N'M')
INSERT [SuperMercado].[Pessoa] ([ID], [Nome], [Email], [Telefone], [Idade], [Salario], [Genero]) VALUES (109, N'Tobey Kettlestringe', N'tkettlestringe1d@jalbum.net', N'416825335', 60, 1898.23, N'F')
INSERT [SuperMercado].[Pessoa] ([ID], [Nome], [Email], [Telefone], [Idade], [Salario], [Genero]) VALUES (110, N'wei', N'wei@ua.pt', N'915084877', 21, -1, N'M')
INSERT [SuperMercado].[Pessoa] ([ID], [Nome], [Email], [Telefone], [Idade], [Salario], [Genero]) VALUES (112, N'a', N'123@qq.com', N'123321123', 44, -1, N'M')
INSERT [SuperMercado].[Pessoa] ([ID], [Nome], [Email], [Telefone], [Idade], [Salario], [Genero]) VALUES (113, N'Admin', N'admin@ua.pt', N'000000000', -1, -1, N'0')
INSERT [SuperMercado].[Pessoa] ([ID], [Nome], [Email], [Telefone], [Idade], [Salario], [Genero]) VALUES (114, N'abcd', N'abcd@ua.pt', N'123123123', 0, -1, N'M')
INSERT [SuperMercado].[Pessoa] ([ID], [Nome], [Email], [Telefone], [Idade], [Salario], [Genero]) VALUES (115, N'wei', N'weiye@ua.pt', N'123123123', 0, -1, N'M')
INSERT [SuperMercado].[Pessoa] ([ID], [Nome], [Email], [Telefone], [Idade], [Salario], [Genero]) VALUES (116, N'con', N'con@ua.pt', N'123123123', 0, -1, N'M')
INSERT [SuperMercado].[Pessoa] ([ID], [Nome], [Email], [Telefone], [Idade], [Salario], [Genero]) VALUES (121, N'con', N'con1@ua.pt', N'123123123', 0, 0, N'M')
INSERT [SuperMercado].[Pessoa] ([ID], [Nome], [Email], [Telefone], [Idade], [Salario], [Genero]) VALUES (122, N'Teste1', N'teste1@mail.com', N'918264732', 22, -1, N'M')
INSERT [SuperMercado].[Pessoa] ([ID], [Nome], [Email], [Telefone], [Idade], [Salario], [Genero]) VALUES (123, N'userteste', N'userteste@teste.com', N'912543756', 22, -1, N'F')
INSERT [SuperMercado].[Pessoa] ([ID], [Nome], [Email], [Telefone], [Idade], [Salario], [Genero]) VALUES (124, N'demo', N'demo@teste.pt', N'915473482', 25, -1, N'M')
INSERT [SuperMercado].[Pessoa] ([ID], [Nome], [Email], [Telefone], [Idade], [Salario], [Genero]) VALUES (126, N'Func1', N'funcionarioteste@teste.pt', N'914758364', 30, 2300, N'M')
INSERT [SuperMercado].[Pessoa] ([ID], [Nome], [Email], [Telefone], [Idade], [Salario], [Genero]) VALUES (127, N'teste2', N'testar@teste.pt', N'924573456', 30, -1, N'M')
INSERT [SuperMercado].[Pessoa] ([ID], [Nome], [Email], [Telefone], [Idade], [Salario], [Genero]) VALUES (128, N'DEMO1', N'userdemo@teste.pt', N'915347362', 24, -1, N'M')
INSERT [SuperMercado].[Pessoa] ([ID], [Nome], [Email], [Telefone], [Idade], [Salario], [Genero]) VALUES (129, N'funcionarioTeste', N'funct@teste.pt', N'916473235', 30, -1, N'F')
INSERT [SuperMercado].[Pessoa] ([ID], [Nome], [Email], [Telefone], [Idade], [Salario], [Genero]) VALUES (130, N'condutorTeste', N'cteste@teste.pt', N'912856473', 45, 900, N'M')
INSERT [SuperMercado].[Pessoa] ([ID], [Nome], [Email], [Telefone], [Idade], [Salario], [Genero]) VALUES (131, N'Demo', N'demo@ua.pt', N'916473526', 22, -1, N'F')
INSERT [SuperMercado].[Pessoa] ([ID], [Nome], [Email], [Telefone], [Idade], [Salario], [Genero]) VALUES (132, N'FuncionarioTeste', N'funcionario1@ua.pt', N'916473546', 34, -1, N'M')
INSERT [SuperMercado].[Pessoa] ([ID], [Nome], [Email], [Telefone], [Idade], [Salario], [Genero]) VALUES (133, N'CondutorDemo', N'condutordemo@ua.pt', N'917453627', 20, 950, N'F')
INSERT [SuperMercado].[Pessoa] ([ID], [Nome], [Email], [Telefone], [Idade], [Salario], [Genero]) VALUES (134, N'videoDemo', N'demo@video.pt', N'986453678', 40, -1, N'F')
INSERT [SuperMercado].[Pessoa] ([ID], [Nome], [Email], [Telefone], [Idade], [Salario], [Genero]) VALUES (135, N'John', N'john@mail.com', N'917453637', 23, -1, N'M')
INSERT [SuperMercado].[Pessoa] ([ID], [Nome], [Email], [Telefone], [Idade], [Salario], [Genero]) VALUES (136, N'WorkerTeste', N'worker@teste.pt', N'927453623', 19, -1, N'F')
INSERT [SuperMercado].[Pessoa] ([ID], [Nome], [Email], [Telefone], [Idade], [Salario], [Genero]) VALUES (137, N'DriverTeste', N'driver@teste.pt', N'986453678', 40, 1200, N'M')
SET IDENTITY_INSERT [SuperMercado].[Pessoa] OFF
SET ANSI_PADDING ON
GO


------------------
-- PRODUTO
SET IDENTITY_INSERT [SuperMercado].[Produto] ON 

INSERT [SuperMercado].[Produto] ([Codigo], [IvaCodigo], [Nome], [Preco], [Descricao], [Disponivel], [Armazem], [Marca], [Tipo]) VALUES (101, 1, N'sandwiches', 72.72, N'whole wheat egg with mayo', 0, 46, N'Massa Non Consulting', N'mercearia')
INSERT [SuperMercado].[Produto] ([Codigo], [IvaCodigo], [Nome], [Preco], [Descricao], [Disponivel], [Armazem], [Marca], [Tipo]) VALUES (102, 1, N'salads', 4.58, N'spinach', 0, 7, N'Enim Sit LLP', N'legumes')
INSERT [SuperMercado].[Produto] ([Codigo], [IvaCodigo], [Nome], [Preco], [Descricao], [Disponivel], [Armazem], [Marca], [Tipo]) VALUES (103, 1, N'seafood', 77.06, N'lobster', 0, 1, N'Enim Sit LLP', N'peixe')
INSERT [SuperMercado].[Produto] ([Codigo], [IvaCodigo], [Nome], [Preco], [Descricao], [Disponivel], [Armazem], [Marca], [Tipo]) VALUES (104, 1, N'soups', 55.43, N'carrot soup', 0, 100, N'Non Industries', N'congelados')
INSERT [SuperMercado].[Produto] ([Codigo], [IvaCodigo], [Nome], [Preco], [Descricao], [Disponivel], [Armazem], [Marca], [Tipo]) VALUES (105, 1, N'soups', 40.59, N'broccolli cheddar', 0, 60, N'Non Industries', N'mercearia')
INSERT [SuperMercado].[Produto] ([Codigo], [IvaCodigo], [Nome], [Preco], [Descricao], [Disponivel], [Armazem], [Marca], [Tipo]) VALUES (106, 2, N'noodles', 67.9, N'chicken noodles', 0, 29, N'Enim Sit LLP', N'mercearia')
INSERT [SuperMercado].[Produto] ([Codigo], [IvaCodigo], [Nome], [Preco], [Descricao], [Disponivel], [Armazem], [Marca], [Tipo]) VALUES (107, 3, N'cereals', 60.04, N'weetabix', 0, 86, N'Enim Sit LLP', N'mercearia')
INSERT [SuperMercado].[Produto] ([Codigo], [IvaCodigo], [Nome], [Preco], [Descricao], [Disponivel], [Armazem], [Marca], [Tipo]) VALUES (108, 1, N'whole milk', 7.35, N'Full Fat Cows Milk', 1, 82, N'Nascetur Ridiculus Corp.', N'laticinios')
INSERT [SuperMercado].[Produto] ([Codigo], [IvaCodigo], [Nome], [Preco], [Descricao], [Disponivel], [Armazem], [Marca], [Tipo]) VALUES (109, 1, N'noodles', 5.53, N'shrimp noodles', 1, 29, N'A Neque Nullam Limited', N'mercearia')
INSERT [SuperMercado].[Produto] ([Codigo], [IvaCodigo], [Nome], [Preco], [Descricao], [Disponivel], [Armazem], [Marca], [Tipo]) VALUES (110, 2, N'soups', 74.46, N'chicken soup', 1, 100, N'Duis Dignissim Industries', N'mercearia')
INSERT [SuperMercado].[Produto] ([Codigo], [IvaCodigo], [Nome], [Preco], [Descricao], [Disponivel], [Armazem], [Marca], [Tipo]) VALUES (111, 1, N'seafood', 77.58, N'shrimp', 0, 86, N'A Neque Nullam Limited', N'peixe')
INSERT [SuperMercado].[Produto] ([Codigo], [IvaCodigo], [Nome], [Preco], [Descricao], [Disponivel], [Armazem], [Marca], [Tipo]) VALUES (112, 1, N'soups', 55.68, N'molestie sed justo pellentesque viverra', 0, 33, N'Massa Non Consulting', N'mercearia')
INSERT [SuperMercado].[Produto] ([Codigo], [IvaCodigo], [Nome], [Preco], [Descricao], [Disponivel], [Armazem], [Marca], [Tipo]) VALUES (113, 1, N'stews', 84.82, N'blandit lacinia erat', 0, 87, N'Nibh Lacinia Orci Incorporated', N'mercearia')
INSERT [SuperMercado].[Produto] ([Codigo], [IvaCodigo], [Nome], [Preco], [Descricao], [Disponivel], [Armazem], [Marca], [Tipo]) VALUES (114, 3, N'salads', 59.89, N'vestibulum quam', 0, 10, N'Non Industries', N'legumes')
INSERT [SuperMercado].[Produto] ([Codigo], [IvaCodigo], [Nome], [Preco], [Descricao], [Disponivel], [Armazem], [Marca], [Tipo]) VALUES (115, 2, N'pies', 73.93, N'libero non mattis pulvinar', 1, 62, N'Non Industries', N'mercearia')
INSERT [SuperMercado].[Produto] ([Codigo], [IvaCodigo], [Nome], [Preco], [Descricao], [Disponivel], [Armazem], [Marca], [Tipo]) VALUES (116, 1, N'banana', 95.09, N'ullamcorper augue a', 1, 42, N'Nibh Lacinia Orci Incorporated', N'fruta')
INSERT [SuperMercado].[Produto] ([Codigo], [IvaCodigo], [Nome], [Preco], [Descricao], [Disponivel], [Armazem], [Marca], [Tipo]) VALUES (117, 1, N'apple', 98.71, N'est quam pharetra magna ac', 0, 11, N'Duis Dignissim Industries', N'congelados')
INSERT [SuperMercado].[Produto] ([Codigo], [IvaCodigo], [Nome], [Preco], [Descricao], [Disponivel], [Armazem], [Marca], [Tipo]) VALUES (118, 3, N'blueberries', 76.56, N'posuere cubilia curae', 0, 38, N'Interdum Ligula LLC', N'fruta')
INSERT [SuperMercado].[Produto] ([Codigo], [IvaCodigo], [Nome], [Preco], [Descricao], [Disponivel], [Armazem], [Marca], [Tipo]) VALUES (119, 1, N'noodles', 11.34, N'libero ut massa volutpat', 0, 62, N'Interdum Ligula LLC', N'mercearia')
INSERT [SuperMercado].[Produto] ([Codigo], [IvaCodigo], [Nome], [Preco], [Descricao], [Disponivel], [Armazem], [Marca], [Tipo]) VALUES (120, 1, N'pies', 39.65, N'id pretium iaculis diam erat', 0, 28, N'Nascetur Ridiculus Corp.', N'mercearia')
INSERT [SuperMercado].[Produto] ([Codigo], [IvaCodigo], [Nome], [Preco], [Descricao], [Disponivel], [Armazem], [Marca], [Tipo]) VALUES (121, 3, N'sandwiches', 18.62, N'vehicula condimentum', 1, 69, N'Enim Etiam Company', N'congelados')
INSERT [SuperMercado].[Produto] ([Codigo], [IvaCodigo], [Nome], [Preco], [Descricao], [Disponivel], [Armazem], [Marca], [Tipo]) VALUES (122, 2, N'pasta', 54.27, N'quis libero nullam sit', 0, 4, N'Vel Ltd', N'mercearia')
INSERT [SuperMercado].[Produto] ([Codigo], [IvaCodigo], [Nome], [Preco], [Descricao], [Disponivel], [Armazem], [Marca], [Tipo]) VALUES (123, 1, N'pies', 58.17, N'amet eleifend pede libero quis', 0, 2, N'Pede Nec LLP', N'mercearia')
INSERT [SuperMercado].[Produto] ([Codigo], [IvaCodigo], [Nome], [Preco], [Descricao], [Disponivel], [Armazem], [Marca], [Tipo]) VALUES (124, 1, N'pies', 41.59, N'non interdum', 0, 37, N'Duis Dignissim Industries', N'bolos')
INSERT [SuperMercado].[Produto] ([Codigo], [IvaCodigo], [Nome], [Preco], [Descricao], [Disponivel], [Armazem], [Marca], [Tipo]) VALUES (125, 3, N'stews', 82.12, N'quis justo maecenas rhoncus', 1, 22, N'Interdum Ligula LLC', N'congelados')
INSERT [SuperMercado].[Produto] ([Codigo], [IvaCodigo], [Nome], [Preco], [Descricao], [Disponivel], [Armazem], [Marca], [Tipo]) VALUES (126, 2, N'cereals', 22.37, N'ultrices aliquet maecenas leo', 0, 12, N'Duis Dignissim Industries', N'bolos')
INSERT [SuperMercado].[Produto] ([Codigo], [IvaCodigo], [Nome], [Preco], [Descricao], [Disponivel], [Armazem], [Marca], [Tipo]) VALUES (127, 1, N'pies', 55.71, N'eleifend donec', 1, 92, N'Ipsum Foundation', N'carne')
INSERT [SuperMercado].[Produto] ([Codigo], [IvaCodigo], [Nome], [Preco], [Descricao], [Disponivel], [Armazem], [Marca], [Tipo]) VALUES (128, 2, N'sandwiches', 61.06, N'nec dui luctus', 1, 73, N'Non Industries', N'laticinios')
INSERT [SuperMercado].[Produto] ([Codigo], [IvaCodigo], [Nome], [Preco], [Descricao], [Disponivel], [Armazem], [Marca], [Tipo]) VALUES (129, 2, N'noodles', 25.06, N'pellentesque at nulla', 1, 51, N'Interdum Ligula LLC', N'mercearia')
INSERT [SuperMercado].[Produto] ([Codigo], [IvaCodigo], [Nome], [Preco], [Descricao], [Disponivel], [Armazem], [Marca], [Tipo]) VALUES (130, 2, N'noodles', 19.65, N'phasellus in felis donec semper', 1, 58, N'Ut Semper Company', N'legumes')
INSERT [SuperMercado].[Produto] ([Codigo], [IvaCodigo], [Nome], [Preco], [Descricao], [Disponivel], [Armazem], [Marca], [Tipo]) VALUES (131, 3, N'salads', 54.08, N'in sagittis dui vel', 1, 78, N'Nibh Lacinia Orci Incorporated', N'legumes')
INSERT [SuperMercado].[Produto] ([Codigo], [IvaCodigo], [Nome], [Preco], [Descricao], [Disponivel], [Armazem], [Marca], [Tipo]) VALUES (132, 2, N'stews', 0.18, N'mi nulla ac', 1, 77, N'Duis Dignissim Industries', N'congelados')
INSERT [SuperMercado].[Produto] ([Codigo], [IvaCodigo], [Nome], [Preco], [Descricao], [Disponivel], [Armazem], [Marca], [Tipo]) VALUES (133, 1, N'seafood', 67.94, N'in eleifend quam a odio', 1, 15, N'Non Industries', N'carne')
INSERT [SuperMercado].[Produto] ([Codigo], [IvaCodigo], [Nome], [Preco], [Descricao], [Disponivel], [Armazem], [Marca], [Tipo]) VALUES (134, 3, N'salads', 35.84, N'quisque ut erat', 0, 98, N'Ut Semper Company', N'peixe')
INSERT [SuperMercado].[Produto] ([Codigo], [IvaCodigo], [Nome], [Preco], [Descricao], [Disponivel], [Armazem], [Marca], [Tipo]) VALUES (135, 3, N'salads', 22.18, N'eu sapien cursus vestibulum', 0, 24, N'Ut Semper Company', N'bolos')
INSERT [SuperMercado].[Produto] ([Codigo], [IvaCodigo], [Nome], [Preco], [Descricao], [Disponivel], [Armazem], [Marca], [Tipo]) VALUES (136, 1, N'salads', 69.11, N'dictumst maecenas ut', 1, 38, N'Vel Ltd', N'carne')
INSERT [SuperMercado].[Produto] ([Codigo], [IvaCodigo], [Nome], [Preco], [Descricao], [Disponivel], [Armazem], [Marca], [Tipo]) VALUES (137, 3, N'cereals', 59.68, N'consequat lectus', 0, 87, N'Nibh Lacinia Orci Incorporated', N'carne')
INSERT [SuperMercado].[Produto] ([Codigo], [IvaCodigo], [Nome], [Preco], [Descricao], [Disponivel], [Armazem], [Marca], [Tipo]) VALUES (138, 1, N'soups', 94.07, N'aliquet maecenas leo odio condimentum', 0, 79, N'Enim Etiam Company', N'peixe')
INSERT [SuperMercado].[Produto] ([Codigo], [IvaCodigo], [Nome], [Preco], [Descricao], [Disponivel], [Armazem], [Marca], [Tipo]) VALUES (139, 3, N'noodles', 67.71, N'vel augue vestibulum rutrum rutrum', 0, 88, N'Ipsum Foundation', N'laticinios')
INSERT [SuperMercado].[Produto] ([Codigo], [IvaCodigo], [Nome], [Preco], [Descricao], [Disponivel], [Armazem], [Marca], [Tipo]) VALUES (140, 1, N'seafood', 5.57, N'pretium quis', 0, 82, N'Ut Semper Company', N'mercearia')
INSERT [SuperMercado].[Produto] ([Codigo], [IvaCodigo], [Nome], [Preco], [Descricao], [Disponivel], [Armazem], [Marca], [Tipo]) VALUES (141, 2, N'desserts', 49.63, N'suspendisse accumsan tortor quis', 0, 68, N'A Neque Nullam Limited', N'legumes')
INSERT [SuperMercado].[Produto] ([Codigo], [IvaCodigo], [Nome], [Preco], [Descricao], [Disponivel], [Armazem], [Marca], [Tipo]) VALUES (142, 2, N'noodles', 34.25, N'quis orci nullam molestie', 0, 32, N'Sapien Molestie PC', N'carne')
INSERT [SuperMercado].[Produto] ([Codigo], [IvaCodigo], [Nome], [Preco], [Descricao], [Disponivel], [Armazem], [Marca], [Tipo]) VALUES (143, 1, N'stews', 81.63, N'dis parturient montes nascetur ridiculus', 1, 65, N'Ipsum Foundation', N'fruta')
INSERT [SuperMercado].[Produto] ([Codigo], [IvaCodigo], [Nome], [Preco], [Descricao], [Disponivel], [Armazem], [Marca], [Tipo]) VALUES (144, 1, N'pasta', 28.88, N'volutpat quam pede', 1, 42, N'Nascetur Ridiculus Corp.', N'fruta')
INSERT [SuperMercado].[Produto] ([Codigo], [IvaCodigo], [Nome], [Preco], [Descricao], [Disponivel], [Armazem], [Marca], [Tipo]) VALUES (145, 1, N'pasta', 22.79, N'et commodo', 0, 7, N'Enim Sit LLP', N'legumes')
INSERT [SuperMercado].[Produto] ([Codigo], [IvaCodigo], [Nome], [Preco], [Descricao], [Disponivel], [Armazem], [Marca], [Tipo]) VALUES (146, 2, N'soups', 56.7, N'nec euismod scelerisque', 1, 69, N'Enim Sit LLP', N'bolos')
INSERT [SuperMercado].[Produto] ([Codigo], [IvaCodigo], [Nome], [Preco], [Descricao], [Disponivel], [Armazem], [Marca], [Tipo]) VALUES (147, 2, N'soups', 94.08, N'nunc rhoncus dui vel sem', 0, 20, N'Non Industries', N'mercearia')
INSERT [SuperMercado].[Produto] ([Codigo], [IvaCodigo], [Nome], [Preco], [Descricao], [Disponivel], [Armazem], [Marca], [Tipo]) VALUES (148, 1, N'noodles', 23.08, N'pretium nisl ut', 1, 45, N'Nibh Lacinia Orci Incorporated', N'carne')
INSERT [SuperMercado].[Produto] ([Codigo], [IvaCodigo], [Nome], [Preco], [Descricao], [Disponivel], [Armazem], [Marca], [Tipo]) VALUES (149, 1, N'salads', 26.97, N'et magnis dis parturient', 0, 80, N'Consectetuer Rhoncus LLP', N'bolos')
INSERT [SuperMercado].[Produto] ([Codigo], [IvaCodigo], [Nome], [Preco], [Descricao], [Disponivel], [Armazem], [Marca], [Tipo]) VALUES (150, 1, N'stews', 40.81, N'et commodo', 0, 33, N'Interdum Ligula LLC', N'peixe')
INSERT [SuperMercado].[Produto] ([Codigo], [IvaCodigo], [Nome], [Preco], [Descricao], [Disponivel], [Armazem], [Marca], [Tipo]) VALUES (151, 1, N'stews', 79.07, N'nam congue risus semper porta', 1, 31, N'A Neque Nullam Limited', N'legumes')
INSERT [SuperMercado].[Produto] ([Codigo], [IvaCodigo], [Nome], [Preco], [Descricao], [Disponivel], [Armazem], [Marca], [Tipo]) VALUES (152, 2, N'salads', 28.67, N'justo aliquam quis', 1, 99, N'Enim Etiam Company', N'carne')
INSERT [SuperMercado].[Produto] ([Codigo], [IvaCodigo], [Nome], [Preco], [Descricao], [Disponivel], [Armazem], [Marca], [Tipo]) VALUES (153, 3, N'desserts', 98.57, N'in faucibus orci luctus', 0, 76, N'Varius Nam Associates', N'bolos')
INSERT [SuperMercado].[Produto] ([Codigo], [IvaCodigo], [Nome], [Preco], [Descricao], [Disponivel], [Armazem], [Marca], [Tipo]) VALUES (154, 3, N'desserts', 72.36, N'tincidunt eu felis', 0, 74, N'Consectetuer Rhoncus LLP', N'legumes')
INSERT [SuperMercado].[Produto] ([Codigo], [IvaCodigo], [Nome], [Preco], [Descricao], [Disponivel], [Armazem], [Marca], [Tipo]) VALUES (155, 3, N'desserts', 44.97, N'lectus aliquam sit', 0, 38, N'Duis Dignissim Industries', N'legumes')
INSERT [SuperMercado].[Produto] ([Codigo], [IvaCodigo], [Nome], [Preco], [Descricao], [Disponivel], [Armazem], [Marca], [Tipo]) VALUES (156, 3, N'seafood', 47.83, N'in leo maecenas', 1, 18, N'Enim Etiam Company', N'fruta')
INSERT [SuperMercado].[Produto] ([Codigo], [IvaCodigo], [Nome], [Preco], [Descricao], [Disponivel], [Armazem], [Marca], [Tipo]) VALUES (157, 1, N'cereals', 1.48, N'pede libero quis orci', 0, 80, N'Enim Etiam Company', N'laticinios')
INSERT [SuperMercado].[Produto] ([Codigo], [IvaCodigo], [Nome], [Preco], [Descricao], [Disponivel], [Armazem], [Marca], [Tipo]) VALUES (158, 1, N'salads', 35.99, N'varius integer ac leo', 0, 4, N'Non Industries', N'mercearia')
INSERT [SuperMercado].[Produto] ([Codigo], [IvaCodigo], [Nome], [Preco], [Descricao], [Disponivel], [Armazem], [Marca], [Tipo]) VALUES (159, 3, N'cereals', 29.59, N'ante ipsum', 0, 4, N'Sapien Molestie PC', N'legumes')
INSERT [SuperMercado].[Produto] ([Codigo], [IvaCodigo], [Nome], [Preco], [Descricao], [Disponivel], [Armazem], [Marca], [Tipo]) VALUES (160, 3, N'salads', 73.3, N'sollicitudin ut suscipit a', 1, 57, N'Vel Ltd', N'pao')
INSERT [SuperMercado].[Produto] ([Codigo], [IvaCodigo], [Nome], [Preco], [Descricao], [Disponivel], [Armazem], [Marca], [Tipo]) VALUES (161, 2, N'pasta', 82.76, N'tincidunt in', 1, 37, N'Vel Ltd', N'fruta')
INSERT [SuperMercado].[Produto] ([Codigo], [IvaCodigo], [Nome], [Preco], [Descricao], [Disponivel], [Armazem], [Marca], [Tipo]) VALUES (162, 1, N'soups', 93.44, N'sapien ut nunc vestibulum ante', 0, 46, N'Nascetur Ridiculus Corp.', N'congelados')
INSERT [SuperMercado].[Produto] ([Codigo], [IvaCodigo], [Nome], [Preco], [Descricao], [Disponivel], [Armazem], [Marca], [Tipo]) VALUES (163, 1, N'pies', 59.51, N'eu est congue elementum', 1, 5, N'Nascetur Ridiculus Corp.', N'pao')
INSERT [SuperMercado].[Produto] ([Codigo], [IvaCodigo], [Nome], [Preco], [Descricao], [Disponivel], [Armazem], [Marca], [Tipo]) VALUES (164, 3, N'pies', 49.81, N'cras pellentesque volutpat', 0, 10, N'Enim Etiam Company', N'bolos')
INSERT [SuperMercado].[Produto] ([Codigo], [IvaCodigo], [Nome], [Preco], [Descricao], [Disponivel], [Armazem], [Marca], [Tipo]) VALUES (165, 1, N'cereals', 42.16, N'est congue elementum in hac', 0, 93, N'Varius Nam Associates', N'legumes')
INSERT [SuperMercado].[Produto] ([Codigo], [IvaCodigo], [Nome], [Preco], [Descricao], [Disponivel], [Armazem], [Marca], [Tipo]) VALUES (166, 3, N'noodles', 22.26, N'phasellus id sapien', 0, 5, N'Varius Nam Associates', N'pao')
INSERT [SuperMercado].[Produto] ([Codigo], [IvaCodigo], [Nome], [Preco], [Descricao], [Disponivel], [Armazem], [Marca], [Tipo]) VALUES (167, 1, N'soups', 51.43, N'magna ac consequat', 1, 78, N'Vel Ltd', N'peixe')
INSERT [SuperMercado].[Produto] ([Codigo], [IvaCodigo], [Nome], [Preco], [Descricao], [Disponivel], [Armazem], [Marca], [Tipo]) VALUES (168, 3, N'cereals', 45.36, N'nisl ut', 1, 53, N'Interdum Ligula LLC', N'laticinios')
INSERT [SuperMercado].[Produto] ([Codigo], [IvaCodigo], [Nome], [Preco], [Descricao], [Disponivel], [Armazem], [Marca], [Tipo]) VALUES (169, 1, N'seafood', 6.75, N'morbi ut', 0, 48, N'Massa Non Consulting', N'carne')
INSERT [SuperMercado].[Produto] ([Codigo], [IvaCodigo], [Nome], [Preco], [Descricao], [Disponivel], [Armazem], [Marca], [Tipo]) VALUES (170, 3, N'pies', 25.26, N'varius integer ac', 0, 36, N'Enim Sit LLP', N'peixe')
INSERT [SuperMercado].[Produto] ([Codigo], [IvaCodigo], [Nome], [Preco], [Descricao], [Disponivel], [Armazem], [Marca], [Tipo]) VALUES (171, 1, N'soups', 92.89, N'accumsan felis', 0, 96, N'Pede Nec LLP', N'bolos')
INSERT [SuperMercado].[Produto] ([Codigo], [IvaCodigo], [Nome], [Preco], [Descricao], [Disponivel], [Armazem], [Marca], [Tipo]) VALUES (172, 3, N'noodles', 49.63, N'dui luctus rutrum nulla', 0, 91, N'Pede Nec LLP', N'pao')
INSERT [SuperMercado].[Produto] ([Codigo], [IvaCodigo], [Nome], [Preco], [Descricao], [Disponivel], [Armazem], [Marca], [Tipo]) VALUES (173, 2, N'cereals', 18.64, N'id luctus nec molestie', 0, 84, N'Nascetur Ridiculus Corp.', N'carne')
INSERT [SuperMercado].[Produto] ([Codigo], [IvaCodigo], [Nome], [Preco], [Descricao], [Disponivel], [Armazem], [Marca], [Tipo]) VALUES (174, 1, N'sandwiches', 61.76, N'nullam molestie nibh', 0, 38, N'Non Industries', N'fruta')
INSERT [SuperMercado].[Produto] ([Codigo], [IvaCodigo], [Nome], [Preco], [Descricao], [Disponivel], [Armazem], [Marca], [Tipo]) VALUES (175, 3, N'salads', 30.12, N'aenean sit amet', 0, 12, N'Enim Sit LLP', N'bolos')
INSERT [SuperMercado].[Produto] ([Codigo], [IvaCodigo], [Nome], [Preco], [Descricao], [Disponivel], [Armazem], [Marca], [Tipo]) VALUES (176, 3, N'stews', 18.39, N'dapibus augue vel accumsan', 0, 31, N'Nibh Lacinia Orci Incorporated', N'congelados')
INSERT [SuperMercado].[Produto] ([Codigo], [IvaCodigo], [Nome], [Preco], [Descricao], [Disponivel], [Armazem], [Marca], [Tipo]) VALUES (177, 2, N'pies', 19.28, N'nulla eget eros', 0, 45, N'A Neque Nullam Limited', N'carne')
INSERT [SuperMercado].[Produto] ([Codigo], [IvaCodigo], [Nome], [Preco], [Descricao], [Disponivel], [Armazem], [Marca], [Tipo]) VALUES (178, 1, N'cereals', 24.21, N'metus arcu adipiscing molestie', 0, 21, N'Varius Nam Associates', N'legumes')
INSERT [SuperMercado].[Produto] ([Codigo], [IvaCodigo], [Nome], [Preco], [Descricao], [Disponivel], [Armazem], [Marca], [Tipo]) VALUES (179, 3, N'salads', 74.7, N'eget vulputate ut', 0, 24, N'Pede Nec LLP', N'peixe')
INSERT [SuperMercado].[Produto] ([Codigo], [IvaCodigo], [Nome], [Preco], [Descricao], [Disponivel], [Armazem], [Marca], [Tipo]) VALUES (180, 3, N'desserts', 93.83, N'sociis natoque', 1, 64, N'Nascetur Ridiculus Corp.', N'legumes')
INSERT [SuperMercado].[Produto] ([Codigo], [IvaCodigo], [Nome], [Preco], [Descricao], [Disponivel], [Armazem], [Marca], [Tipo]) VALUES (181, 3, N'noodles', 63.41, N'lobortis vel', 1, 27, N'Ipsum Foundation', N'pao')
INSERT [SuperMercado].[Produto] ([Codigo], [IvaCodigo], [Nome], [Preco], [Descricao], [Disponivel], [Armazem], [Marca], [Tipo]) VALUES (182, 2, N'stews', 84.55, N'magnis dis parturient', 0, 98, N'Nascetur Ridiculus Corp.', N'bolos')
INSERT [SuperMercado].[Produto] ([Codigo], [IvaCodigo], [Nome], [Preco], [Descricao], [Disponivel], [Armazem], [Marca], [Tipo]) VALUES (183, 3, N'stews', 94.96, N'neque vestibulum eget', 1, 91, N'Pede Nec LLP', N'pao')
INSERT [SuperMercado].[Produto] ([Codigo], [IvaCodigo], [Nome], [Preco], [Descricao], [Disponivel], [Armazem], [Marca], [Tipo]) VALUES (184, 1, N'soups', 10.76, N'non ligula pellentesque', 1, 8, N'Enim Sit LLP', N'mercearia')
INSERT [SuperMercado].[Produto] ([Codigo], [IvaCodigo], [Nome], [Preco], [Descricao], [Disponivel], [Armazem], [Marca], [Tipo]) VALUES (185, 3, N'soups', 33.6, N'nullam sit amet turpis', 1, 60, N'Pede Nec LLP', N'pao')
INSERT [SuperMercado].[Produto] ([Codigo], [IvaCodigo], [Nome], [Preco], [Descricao], [Disponivel], [Armazem], [Marca], [Tipo]) VALUES (186, 1, N'soups', 16.21, N'in sagittis dui', 0, 80, N'Consectetuer Rhoncus LLP', N'mercearia')
INSERT [SuperMercado].[Produto] ([Codigo], [IvaCodigo], [Nome], [Preco], [Descricao], [Disponivel], [Armazem], [Marca], [Tipo]) VALUES (187, 1, N'pies', 48.9, N'iaculis congue vivamus metus', 0, 45, N'Pede Nec LLP', N'laticinios')
INSERT [SuperMercado].[Produto] ([Codigo], [IvaCodigo], [Nome], [Preco], [Descricao], [Disponivel], [Armazem], [Marca], [Tipo]) VALUES (188, 2, N'desserts', 53.09, N'in tempus sit amet', 0, 40, N'Varius Nam Associates', N'carne')
INSERT [SuperMercado].[Produto] ([Codigo], [IvaCodigo], [Nome], [Preco], [Descricao], [Disponivel], [Armazem], [Marca], [Tipo]) VALUES (189, 1, N'cereals', 7.18, N'nam ultrices libero non mattis', 0, 40, N'Pede Nec LLP', N'mercearia')
INSERT [SuperMercado].[Produto] ([Codigo], [IvaCodigo], [Nome], [Preco], [Descricao], [Disponivel], [Armazem], [Marca], [Tipo]) VALUES (190, 2, N'desserts', 1.42, N'nam congue', 0, 57, N'Nascetur Ridiculus Corp.', N'congelados')
INSERT [SuperMercado].[Produto] ([Codigo], [IvaCodigo], [Nome], [Preco], [Descricao], [Disponivel], [Armazem], [Marca], [Tipo]) VALUES (191, 2, N'desserts', 90.39, N'erat tortor sollicitudin mi sit', 1, 97, N'Ipsum Foundation', N'peixe')
INSERT [SuperMercado].[Produto] ([Codigo], [IvaCodigo], [Nome], [Preco], [Descricao], [Disponivel], [Armazem], [Marca], [Tipo]) VALUES (192, 2, N'pies', 80.13, N'non velit donec diam', 0, 57, N'Nibh Lacinia Orci Incorporated', N'congelados')
INSERT [SuperMercado].[Produto] ([Codigo], [IvaCodigo], [Nome], [Preco], [Descricao], [Disponivel], [Armazem], [Marca], [Tipo]) VALUES (193, 3, N'desserts', 81.17, N'in tempus sit', 1, 46, N'Consectetuer Rhoncus LLP', N'congelados')
INSERT [SuperMercado].[Produto] ([Codigo], [IvaCodigo], [Nome], [Preco], [Descricao], [Disponivel], [Armazem], [Marca], [Tipo]) VALUES (194, 2, N'sandwiches', 24.67, N'turpis enim blandit', 1, 39, N'Massa Non Consulting', N'mercearia')
INSERT [SuperMercado].[Produto] ([Codigo], [IvaCodigo], [Nome], [Preco], [Descricao], [Disponivel], [Armazem], [Marca], [Tipo]) VALUES (195, 1, N'desserts', 26.12, N'ut ultrices', 0, 24, N'Nascetur Ridiculus Corp.', N'mercearia')
INSERT [SuperMercado].[Produto] ([Codigo], [IvaCodigo], [Nome], [Preco], [Descricao], [Disponivel], [Armazem], [Marca], [Tipo]) VALUES (196, 2, N'stews', 73.21, N'nisl duis bibendum', 1, 100, N'A Neque Nullam Limited', N'congelados')
INSERT [SuperMercado].[Produto] ([Codigo], [IvaCodigo], [Nome], [Preco], [Descricao], [Disponivel], [Armazem], [Marca], [Tipo]) VALUES (197, 1, N'seafood', 79.03, N'condimentum id luctus nec molestie', 0, 2, N'Varius Nam Associates', N'peixe')
INSERT [SuperMercado].[Produto] ([Codigo], [IvaCodigo], [Nome], [Preco], [Descricao], [Disponivel], [Armazem], [Marca], [Tipo]) VALUES (198, 1, N'soups', 94.05, N'tellus in sagittis dui vel', 0, 7, N'Non Industries', N'mercearia')
INSERT [SuperMercado].[Produto] ([Codigo], [IvaCodigo], [Nome], [Preco], [Descricao], [Disponivel], [Armazem], [Marca], [Tipo]) VALUES (199, 2, N'desserts', 15.84, N'sed augue aliquam', 1, 41, N'Ipsum Foundation', N'mercearia')
GO
INSERT [SuperMercado].[Produto] ([Codigo], [IvaCodigo], [Nome], [Preco], [Descricao], [Disponivel], [Armazem], [Marca], [Tipo]) VALUES (200, 2, N'cereals', 38.38, N'vel dapibus', 0, 10, N'Enim Etiam Company', N'mercearia')
SET IDENTITY_INSERT [SuperMercado].[Produto] OFF


--------
-- TIPO
INSERT [SuperMercado].[Tipo] ([Nome]) VALUES (N'bolos')
INSERT [SuperMercado].[Tipo] ([Nome]) VALUES (N'carne')
INSERT [SuperMercado].[Tipo] ([Nome]) VALUES (N'congelados')
INSERT [SuperMercado].[Tipo] ([Nome]) VALUES (N'fruta')
INSERT [SuperMercado].[Tipo] ([Nome]) VALUES (N'laticinios')
INSERT [SuperMercado].[Tipo] ([Nome]) VALUES (N'legumes')
INSERT [SuperMercado].[Tipo] ([Nome]) VALUES (N'mercearia')
INSERT [SuperMercado].[Tipo] ([Nome]) VALUES (N'pao')
INSERT [SuperMercado].[Tipo] ([Nome]) VALUES (N'peixe')


----------
-- TRANSPORTE
SET IDENTITY_INSERT [SuperMercado].[Transporte] ON 
INSERT [SuperMercado].[Transporte] ([ID], [Matricula], [Marca], [Disponivel], [Capacidade]) VALUES (1, N'64MD13', N'General Motors', 1, 16)
INSERT [SuperMercado].[Transporte] ([ID], [Matricula], [Marca], [Disponivel], [Capacidade]) VALUES (2, N'94EZ70', N'Peugeot', 0, 17)
INSERT [SuperMercado].[Transporte] ([ID], [Matricula], [Marca], [Disponivel], [Capacidade]) VALUES (3, N'04EW15', N'RAM Trucks', 0, 13)
INSERT [SuperMercado].[Transporte] ([ID], [Matricula], [Marca], [Disponivel], [Capacidade]) VALUES (4, N'62RP85', N'BMW', 0, 21)
INSERT [SuperMercado].[Transporte] ([ID], [Matricula], [Marca], [Disponivel], [Capacidade]) VALUES (5, N'39GH14', N'Buick', 1, 13)
INSERT [SuperMercado].[Transporte] ([ID], [Matricula], [Marca], [Disponivel], [Capacidade]) VALUES (6, N'10MG19', N'Fiat', 1, 16)
INSERT [SuperMercado].[Transporte] ([ID], [Matricula], [Marca], [Disponivel], [Capacidade]) VALUES (7, N'13GO46', N'Toyota', 0, 8)
INSERT [SuperMercado].[Transporte] ([ID], [Matricula], [Marca], [Disponivel], [Capacidade]) VALUES (8, N'31CC32', N'Isuzu', 0, 20)
INSERT [SuperMercado].[Transporte] ([ID], [Matricula], [Marca], [Disponivel], [Capacidade]) VALUES (9, N'58ZR92', N'Lexus', 0, 20)
INSERT [SuperMercado].[Transporte] ([ID], [Matricula], [Marca], [Disponivel], [Capacidade]) VALUES (10, N'67FR97', N'Maruti Suzuki', 1, 25)
INSERT [SuperMercado].[Transporte] ([ID], [Matricula], [Marca], [Disponivel], [Capacidade]) VALUES (11, N'75LY05', N'Suzuki', 1, 15)
INSERT [SuperMercado].[Transporte] ([ID], [Matricula], [Marca], [Disponivel], [Capacidade]) VALUES (12, N'03WL09', N'Audi', 0, 7)
INSERT [SuperMercado].[Transporte] ([ID], [Matricula], [Marca], [Disponivel], [Capacidade]) VALUES (13, N'97MI68', N'Cadillac', 1, 14)
INSERT [SuperMercado].[Transporte] ([ID], [Matricula], [Marca], [Disponivel], [Capacidade]) VALUES (14, N'49DF86', N'Buick', 0, 16)
INSERT [SuperMercado].[Transporte] ([ID], [Matricula], [Marca], [Disponivel], [Capacidade]) VALUES (15, N'50AZ42', N'Daihatsu', 0, 17)
INSERT [SuperMercado].[Transporte] ([ID], [Matricula], [Marca], [Disponivel], [Capacidade]) VALUES (16, N'22UO58', N'Daihatsu', 1, 23)
INSERT [SuperMercado].[Transporte] ([ID], [Matricula], [Marca], [Disponivel], [Capacidade]) VALUES (17, N'33AD93', N'Ford', 0, 22)
INSERT [SuperMercado].[Transporte] ([ID], [Matricula], [Marca], [Disponivel], [Capacidade]) VALUES (18, N'67RD33', N'Nissan', 1, 15)
INSERT [SuperMercado].[Transporte] ([ID], [Matricula], [Marca], [Disponivel], [Capacidade]) VALUES (19, N'44AE73', N'Peugeot', 0, 8)
INSERT [SuperMercado].[Transporte] ([ID], [Matricula], [Marca], [Disponivel], [Capacidade]) VALUES (20, N'92FN32', N'Chevrolet', 0, 20)
INSERT [SuperMercado].[Transporte] ([ID], [Matricula], [Marca], [Disponivel], [Capacidade]) VALUES (21, N'73IP19', N'Dodge', 0, 24)
INSERT [SuperMercado].[Transporte] ([ID], [Matricula], [Marca], [Disponivel], [Capacidade]) VALUES (22, N'79FH68', N'Dacia', 0, 18)
INSERT [SuperMercado].[Transporte] ([ID], [Matricula], [Marca], [Disponivel], [Capacidade]) VALUES (23, N'50NL67', N'Volkswagen', 0, 8)
INSERT [SuperMercado].[Transporte] ([ID], [Matricula], [Marca], [Disponivel], [Capacidade]) VALUES (24, N'64TX13', N'Suzuki', 0, 17)
INSERT [SuperMercado].[Transporte] ([ID], [Matricula], [Marca], [Disponivel], [Capacidade]) VALUES (25, N'62KJ78', N'Ferrari', 0, 12)
INSERT [SuperMercado].[Transporte] ([ID], [Matricula], [Marca], [Disponivel], [Capacidade]) VALUES (26, N'29UU29', N'BMW', 0, 25)
INSERT [SuperMercado].[Transporte] ([ID], [Matricula], [Marca], [Disponivel], [Capacidade]) VALUES (27, N'88OH43', N'FAW', 1, 5)
INSERT [SuperMercado].[Transporte] ([ID], [Matricula], [Marca], [Disponivel], [Capacidade]) VALUES (28, N'74XJ52', N'Vauxhall', 0, 17)
INSERT [SuperMercado].[Transporte] ([ID], [Matricula], [Marca], [Disponivel], [Capacidade]) VALUES (29, N'52UL50', N'Chevrolet', 0, 7)
SET IDENTITY_INSERT [SuperMercado].[Transporte] OFF
SET ANSI_PADDING ON
GO


----------
-- UTILIZADOR
INSERT [SuperMercado].[Utilizador] ([Nome], [Senha], [ID]) VALUES (N'a', 0x81FE8BFE87576C3ECB22426F8E57847382917ACF, 112)
INSERT [SuperMercado].[Utilizador] ([Nome], [Senha], [ID]) VALUES (N'admin', 0x81FE8BFE87576C3ECB22426F8E57847382917ACF, 113)
INSERT [SuperMercado].[Utilizador] ([Nome], [Senha], [ID]) VALUES (N'abcd', 0x81FE8BFE87576C3ECB22426F8E57847382917ACF, 115)
INSERT [SuperMercado].[Utilizador] ([Nome], [Senha], [ID]) VALUES (N'Teste1', 0x8CB2237D0679CA88DB6464EAC60DA96345513964, 122)
INSERT [SuperMercado].[Utilizador] ([Nome], [Senha], [ID]) VALUES (N'Utilizador1', 0x2F4C5CE01F30865D02B2CC2B60D50B0BC5A1EE75, 123)
INSERT [SuperMercado].[Utilizador] ([Nome], [Senha], [ID]) VALUES (N'Demo', 0x7110EDA4D09E062AA5E4A390B0A572AC0D2C0220, 124)
INSERT [SuperMercado].[Utilizador] ([Nome], [Senha], [ID]) VALUES (N'demoUSR', 0x7110EDA4D09E062AA5E4A390B0A572AC0D2C0220, 128)
INSERT [SuperMercado].[Utilizador] ([Nome], [Senha], [ID]) VALUES (N'Demo', 0x7110EDA4D09E062AA5E4A390B0A572AC0D2C0220, 131)
INSERT [SuperMercado].[Utilizador] ([Nome], [Senha], [ID]) VALUES (N'Video', 0x7110EDA4D09E062AA5E4A390B0A572AC0D2C0220, 134)
INSERT [SuperMercado].[Utilizador] ([Nome], [Senha], [ID]) VALUES (N'JohnS', 0x7110EDA4D09E062AA5E4A390B0A572AC0D2C0220, 135)


-----------
-- 